IND,M1mu11,M2mu11
1,2.89593099,3.103385318
2,2.87031986,3.088112039
3,2.87481899,3.062690948
4,2.78907724,3.162867829
5,2.89446443,3.088006731
6,2.91913757,3.085903281
7,2.89147801,3.086855624
8,2.85306522,3.078130939
9,2.91914405,3.084527154
10,2.87442696,3.109231963
11,2.88877776,3.104228962
12,2.89397355,3.089492238
13,2.86925449,3.076849426
14,2.88162723,3.088031142
15,2.88309892,3.161622959
16,2.80062367,3.084850791
17,2.87945836,3.083619569
18,2.89866479,3.119851952
19,2.83588633,3.07499026
20,2.90186671,3.063287256
21,2.85768052,3.117000489
22,2.85501399,3.072068891
23,2.90231722,3.052576151
24,2.89749124,3.067366179
25,2.8933288,3.101639332
26,2.86945036,3.083735099
27,2.91013693,3.094575362
28,2.89643867,3.067372212
29,2.87446691,3.079216259
30,2.9014398,3.085738495
31,2.86750574,3.073664852
32,2.87604792,3.064674359
33,2.79727433,3.0981547
34,2.88732248,3.148229043
35,2.87508127,2.951326126
36,2.91346308,3.072102691
37,2.7900695,3.043714549
38,2.88955687,3.083897317
39,2.90348275,3.074271403
40,2.89142426,3.107225939
41,2.90626666,3.116610865
42,2.88886934,3.066032488
43,2.90256088,3.078449342
44,2.88544816,3.105176407
45,2.87846009,3.695049797
46,2.90220301,2.999376742
47,2.87172802,3.050209223
48,2.91061417,3.052655899
49,2.88012333,3.068225079
50,2.90875628,3.067719202
51,2.885185,3.043875544
52,2.88860689,3.110490362
53,2.87721968,3.104419203
54,2.87522141,3.064008615
55,2.89157909,3.081874966
56,2.88037897,3.082288749
57,2.88230219,3.112605594
58,2.92202049,2.903000502
59,2.85688602,3.113688689
60,2.90142314,3.075922856
61,2.87524698,3.111585414
62,2.87819303,3.040873869
63,2.90148881,3.101790639
64,2.86954843,3.040397187
65,2.90678152,3.117987117
66,2.88326992,3.037764887
67,2.89117528,3.060043213
68,2.90790989,3.079881399
69,2.88303214,3.110456217
70,2.91035557,3.079598531
71,2.85782044,3.111372796
72,2.89269331,3.093174179
73,2.89825474,3.052044251
74,2.85421087,3.055762969
75,2.87750288,3.085589173
76,2.90809365,3.045759829
77,2.89288597,3.087751265
78,2.89792499,3.061811439
79,2.88489523,3.084477466
80,2.77334365,3.045968097
81,2.86593126,3.103462875
82,2.91454676,3.103735332
83,2.92501516,3.089137555
84,2.86790082,3.068238646
85,2.88263861,3.020742996
86,2.89428196,3.080023751
87,2.90700347,3.143439899
88,2.86914993,3.065718016
89,2.8973145,3.102735022
90,2.90157123,3.148655387
91,2.87776817,3.110910561
92,2.89877479,3.084586205
93,2.88934494,3.100908951
94,2.85931134,3.070912091
95,2.88762408,3.08147557
96,2.90503281,3.05766867
97,2.81933176,3.093872978
98,2.86199838,3.104650764
99,2.89324228,3.091400095
100,2.79759357,3.085221305
101,2.86840832,3.132324898
102,2.8553803,3.094085936
103,2.89040073,3.104756535
104,2.8970558,3.117873674
105,2.89507594,3.004367988
106,2.85875363,3.085520855
107,2.86872002,3.121593952
108,2.88277601,3.091919616
109,2.87775588,3.076770178
110,2.90406012,2.964110924
111,2.89592827,3.061756199
112,2.87546866,3.081009221
113,2.90523816,3.061051693
114,2.90882727,3.05370601
115,2.86482009,2.914346348
116,2.88866308,2.903032544
117,2.88666845,3.068540336
118,2.88066437,3.074127069
119,2.88682146,3.090482209
120,2.88654539,3.090123892
121,2.90293014,3.083745291
122,2.9009228,3.108131501
123,2.8935399,3.092592901
124,2.87939679,3.098987169
125,2.89880538,3.083504341
126,2.88905909,3.112686796
127,2.91015079,3.069611988
128,2.90154363,3.073622363
129,2.89927576,3.090537165
130,2.84493561,3.107380541
131,2.88819753,3.084935065
132,2.81504967,3.126084765
133,2.82232837,3.145064597
134,2.8741208,3.093119185
135,2.8637366,2.941340871
136,2.84866698,3.097036852
137,2.89815609,3.102367009
138,2.86595682,3.099696879
139,2.90534352,3.092252993
140,2.88384131,3.055365462
141,2.87617286,3.090371705
142,2.89063476,3.124970298
143,2.89990898,3.053521527
144,2.88599033,3.11417123
145,2.87066132,3.081100057
146,2.89056958,3.102366021
147,2.87647648,3.078495519
148,2.89355687,3.016235946
149,2.89969758,3.062755795
150,2.86409172,3.106488001
151,2.85987463,3.05822452
152,2.87171905,3.098053867
153,2.88274139,3.0967201
154,2.88601889,3.117908666
155,2.89995259,3.098891028
156,2.88489174,3.029083804
157,2.90243915,3.112770116
158,2.9038633,3.114512142
159,2.85198526,3.084413267
160,2.87016154,3.077848616
161,2.86123785,3.084783909
162,2.90333733,3.008447364
163,2.88092736,3.128069781
164,2.90491839,3.0730357
165,2.89505643,3.097657172
166,2.99197486,3.081238555
167,2.84481088,3.118111157
168,2.89565302,3.09527877
169,2.88670346,3.046359397
170,2.89839738,3.115054273
171,2.89559223,3.078088132
172,2.89356284,3.069624724
173,2.89619559,3.098485344
174,2.8642693,3.073149126
175,2.88375718,3.085424001
176,2.90877674,3.100622944
177,2.89333042,3.056131639
178,2.89112955,3.115627563
179,2.8809134,2.966931061
180,2.88095691,2.926198133
181,2.90084536,3.09081887
182,2.89496336,3.12421002
183,2.86775739,3.098714911
184,2.85252148,3.103714094
185,2.80797593,3.10705303
186,2.91543409,3.110104242
187,2.87710012,3.06256299
188,2.89544002,3.104287373
189,2.92054388,3.081643555
190,2.88407203,3.072837656
191,2.8936244,3.073833291
192,2.91719978,3.113490447
193,2.87445356,3.072529039
194,2.90337423,3.071935134
195,2.84563219,3.160840191
196,2.88616551,3.087050645
197,2.89911643,3.090886487
198,2.88499053,3.093200678
199,2.87920512,3.147102353
200,2.89537307,3.021353447
201,2.93094054,3.073398645
202,2.89649287,2.951789154
203,2.89230365,3.050964732
204,2.8836875,3.072740552
205,2.87253953,3.092717458
206,2.93553043,3.032733689
207,2.88020645,3.059011242
208,2.86586147,3.088157475
209,2.8857715,3.113649498
210,2.86139164,3.078846029
211,2.89611753,3.089403136
212,2.86655864,2.979841925
213,2.89792991,3.080269486
214,2.86759425,3.111792347
215,2.85811848,2.955445543
216,2.90047305,3.161863434
217,2.90090801,3.089908288
218,2.88270225,3.121234632
219,2.89892565,3.074037585
220,2.89555881,3.130970727
221,2.89082846,3.073696687
222,2.90103239,3.086844824
223,2.9194814,3.078997107
224,2.92330332,3.115154186
225,2.9098067,3.026009094
226,2.89949977,3.083156693
227,2.87989853,3.109538681
228,2.86116381,3.068913325
229,2.89736006,3.065413781
230,2.91447752,3.108133785
231,2.87670019,3.080224706
232,2.88519634,3.056658724
233,2.78452521,3.054547186
234,2.8966485,3.091424459
235,2.88818979,3.08885834
236,2.92360241,3.063376403
237,2.88321636,3.091678224
238,2.85826763,3.079880177
239,2.89727674,3.138762506
240,2.86592952,3.098047987
241,2.8807767,3.045740888
242,2.88232942,3.100862467
243,2.91667664,3.115365222
244,2.90468832,3.083492461
245,2.87768081,3.069091051
246,2.87068008,3.074831765
247,2.90443973,3.092322374
248,2.90901413,3.08248364
249,2.86488117,3.058120084
250,2.90250382,2.919072959
251,2.80472963,3.087307847
252,2.90391867,3.060102291
253,2.9111505,3.198514026
254,2.86312537,3.057580456
255,2.90445045,3.058448949
256,2.88573273,3.051773252
257,2.928238,3.070791658
258,2.81167605,3.113001961
259,2.88563989,2.915940927
260,2.89215482,3.069827304
261,2.89168822,3.124756778
262,2.90985374,3.094716179
263,2.88651321,3.077249876
264,2.87705887,3.121759643
265,2.88660151,3.065316465
266,2.88372076,3.092059863
267,2.89964546,3.013373669
268,2.87031983,3.110487364
269,2.87961582,3.084047133
270,2.88505897,3.100751911
271,2.89970854,3.079291764
272,2.8800176,3.096019759
273,2.91779583,3.121120128
274,2.89590281,3.040221342
275,2.88140048,3.081554878
276,2.92464873,3.053396355
277,2.79794549,3.136633909
278,2.89091713,3.047935176
279,2.89794302,3.096655078
280,2.893531,3.06777961
281,2.88063194,3.136799081
282,2.89774128,3.043557375
283,2.91858035,3.108833938
284,2.89959463,3.099017375
285,2.90483377,3.096555749
286,2.87151364,3.10694694
287,2.79317281,3.009213749
288,2.8694776,3.125198933
289,2.88767745,3.077054039
290,2.91964503,3.085468898
291,2.7925477,2.882901416
292,2.92164042,2.983079797
293,2.88634948,3.056856385
294,2.89047984,3.072630624
295,2.88272239,2.964699929
296,2.85436729,3.083025681
297,2.86807539,3.046412204
298,2.87175644,3.054574676
299,2.89331988,2.944954604
300,2.89259966,3.07457755
301,2.94185247,3.090777799
302,2.91206977,3.081489963
303,2.83715044,3.075129697
304,2.89182567,3.065523075
305,2.87512219,3.100030444
306,2.89401707,3.093867138
307,2.89668165,3.069079656
308,2.90510091,3.070389635
309,2.82417019,3.08305648
310,2.89321668,3.022770283
311,2.87219776,3.083948985
312,2.90278225,3.095737394
313,2.88447172,3.076746326
314,2.8829647,3.091112496
315,2.88961175,3.11183327
316,2.88178181,2.94155864
317,2.89705263,3.072209411
318,2.89833176,3.095568984
319,2.87246718,3.059080311
320,2.91133222,3.054538339
321,2.88288519,3.059720658
322,2.90322071,3.076956359
323,2.87722356,3.127266347
324,2.86528599,3.074118716
325,2.87509171,3.091371898
326,2.79707297,3.106417128
327,2.87889545,3.119869446
328,2.8769609,3.009536291
329,2.88140824,3.104218432
330,2.88445658,3.094328483
331,2.87703552,3.079177656
332,2.90368587,3.060368077
333,2.8764351,3.079370806
334,2.86535456,3.062379455
335,2.88438891,3.11980854
336,2.86381884,3.053980754
337,2.89920997,3.087711365
338,2.88749507,3.130025134
339,2.89191217,3.084895525
340,2.90307434,3.107303702
341,2.86299804,3.080531539
342,2.87419981,3.104542907
343,2.89853502,3.055448072
344,2.86695301,3.083294038
345,2.8877726,2.922320123
346,2.91557331,3.088760335
347,2.82215463,2.954705543
348,2.88948278,3.093768077
349,2.91117462,3.098477696
350,2.89408809,3.045270718
351,2.91451575,3.08411073
352,2.88579173,3.082705876
353,2.88039771,3.066338244
354,2.89401638,3.065100289
355,2.90522427,3.097955297
356,2.86359363,3.052411902
357,2.87320437,3.062060367
358,2.90615599,3.076887097
359,2.86022334,2.985746838
360,2.88107102,3.065233199
361,2.89477473,3.090116707
362,2.86610665,3.08511271
363,2.92632171,3.074617656
364,2.88030155,3.122382046
365,2.88402593,3.086537297
366,2.87571302,3.105952296
367,2.8948594,3.100910759
368,2.90038673,3.08113382
369,2.88150302,3.06524117
370,2.86524488,3.100787685
371,2.85482063,2.958565365
372,2.89421334,3.122841909
373,2.88320532,3.123406078
374,2.93780318,2.947773093
375,2.87953954,3.088330633
376,2.88910642,3.070136326
377,2.95012623,3.079301756
378,2.90957708,3.101782477
379,2.88393531,2.940460243
380,2.90057148,3.103171545
381,2.91713725,3.074153153
382,2.87434206,3.093604901
383,2.82520794,3.083640879
384,2.87305594,3.081357033
385,2.88222714,3.089251431
386,2.90121306,3.140202027
387,2.88239577,3.074905815
388,2.89371209,3.096594948
389,2.87199622,2.983735281
390,2.88143002,3.127067083
391,2.80715281,3.110887502
392,2.81671733,3.058281794
393,2.86293623,3.062502404
394,2.87785704,2.943906623
395,2.90778244,3.121968633
396,2.87866893,3.0564539
397,2.83699247,2.866017408
398,2.89212686,2.951750245
399,2.88667267,3.087100504
400,2.8825982,3.093930394
401,2.89662159,3.101593541
402,2.92406983,3.050809474
403,2.83980902,3.097513328
404,2.88560284,3.075394671
405,2.89606265,3.072966375
406,2.90011167,3.145802781
407,2.89001668,3.039537702
408,2.88569213,3.072400853
409,2.90062569,2.953505283
410,2.76253552,3.128164355
411,2.88591539,3.046055182
412,2.80118714,3.103563239
413,2.90026315,3.082977913
414,2.90338813,3.071373182
415,2.90573673,3.058745
416,2.94258656,3.116231128
417,2.86870821,2.958548157
418,2.8203406,3.093470951
419,2.90906453,3.075614467
420,2.87928018,3.056683804
421,2.85775655,3.058206309
422,2.90042849,3.089699829
423,2.87569002,3.092422182
424,2.86763147,3.095698187
425,2.87237271,3.074700637
426,2.90285226,2.987105742
427,2.90157333,3.115665102
428,2.91439085,3.094279125
429,2.88217518,3.111289558
430,2.93548078,3.109892264
431,2.87212527,3.125393311
432,2.87620262,2.964087868
433,2.8223686,3.10026237
434,2.87731184,2.959199773
435,2.87017871,2.989655082
436,2.87496746,3.083029073
437,2.86650251,3.086728963
438,2.87156391,3.090351636
439,2.87808318,3.058828018
440,2.87257598,3.092017111
441,2.88132687,3.134332123
442,2.7918211,3.090591855
443,2.88348376,3.088579574
444,2.8901473,3.094310261
445,2.88550563,3.077796269
446,2.9025931,3.101376333
447,2.89867233,3.089421016
448,2.92873097,3.110377
449,2.88701566,3.098576513
450,2.81358295,3.090623832
451,2.8154558,3.108927343
452,2.86693415,3.078519283
453,2.87322861,3.112370697
454,2.87026886,3.077910573
455,2.89080092,2.98226841
456,2.89622291,3.062077823
457,2.76054711,3.057968377
458,2.89439512,3.081746353
459,2.89279499,3.095364381
460,2.89507074,3.082431401
461,2.87806277,3.057058421
462,2.90284481,3.061520427
463,2.82095336,3.049401581
464,2.87481406,3.098640252
465,2.87819924,3.133534381
466,2.91035345,3.120914204
467,2.89136601,2.956581822
468,2.92445801,3.102133179
469,2.88502106,3.057555555
470,2.90164867,3.09317071
471,2.87810515,3.096128134
472,2.87535822,3.072754323
473,2.87031159,3.082153545
474,2.88830387,3.078068238
475,2.87458012,3.036474384
476,2.92733364,3.088690991
477,2.86599184,3.125397083
478,2.90682193,3.026734619
479,2.88088384,3.026402244
480,2.89087563,2.993937627
481,2.87012057,3.131277472
482,2.89924879,3.136245187
483,2.87080988,3.075489533
484,2.89713031,3.091913658
485,2.87978348,2.919348377
486,2.87948587,3.022940444
487,2.88015409,3.113906416
488,2.88741419,3.087865077
489,2.88018704,3.07701721
490,2.8869705,3.060302616
491,2.91551821,3.06902023
492,2.89877963,3.094492281
493,2.89726609,3.097775077
494,2.89125918,3.073587115
495,2.84002237,3.179345492
496,2.89880397,3.067978475
497,2.89219311,3.056189247
498,2.88627637,3.05000674
499,2.82649716,3.111087953
500,2.88852875,3.099888205
501,2.86731616,3.089214071
502,2.88037033,3.121348472
503,2.85978242,3.001183505
504,2.84828165,3.109726987
505,2.85365095,3.068706978
506,2.85731289,3.086290415
507,2.87120452,3.106706559
508,2.89238232,3.08488963
509,2.89381239,3.137208893
510,2.81980084,3.108891742
511,2.87682868,3.107827847
512,2.89204328,3.091097901
513,2.91266705,3.115111174
514,2.889911,3.052564718
515,2.89519251,3.074080367
516,2.87990644,2.960619322
517,2.89057906,3.042010122
518,2.88170353,3.069436108
519,2.93370854,3.093131429
520,2.8261093,3.094332635
521,2.8703191,3.100438822
522,2.88796873,3.168992666
523,2.87674491,3.087054474
524,2.91691108,3.074243627
525,2.78395058,3.090933072
526,2.87943547,2.95756893
527,2.90424978,3.084185998
528,2.89308107,3.077186496
529,2.82834402,3.101774251
530,2.90613311,3.07437797
531,2.90225686,3.098297471
532,2.89695586,3.068310029
533,2.84486031,3.069136371
534,2.90298774,3.100585843
535,2.88354788,3.126328987
536,2.90698204,3.120075935
537,2.90195969,3.097024923
538,2.88230671,3.132370349
539,2.91189551,3.113189156
540,2.85678025,3.046038749
541,2.91512813,3.053060875
542,2.87306357,3.073501616
543,2.89439806,3.101939601
544,2.89213769,3.102803066
545,2.87015913,3.085888479
546,2.89280052,3.079189961
547,2.88397994,3.075876759
548,2.82162881,3.091633512
549,2.90803152,3.105438024
550,2.82283367,3.152996739
551,2.90046296,3.117065903
552,2.89392014,3.067828033
553,2.8781488,3.133889532
554,2.88129336,3.085544087
555,2.83341321,3.098211662
556,2.89262052,3.134240839
557,2.88874565,3.112933489
558,2.90062444,3.123930736
559,2.88443665,3.0544767
560,2.91625873,3.086745896
561,2.88223421,3.127880486
562,2.88828123,3.064419167
563,2.89572283,3.152984462
564,2.88269628,3.075351689
565,2.89936836,3.081409465
566,2.8962778,3.089719863
567,2.89153242,3.088652629
568,2.87653475,3.077320704
569,2.77737566,3.166405207
570,2.89713823,3.121241699
571,2.89580679,3.099458771
572,2.87093998,3.128102399
573,2.79878064,3.08524298
574,2.88948921,3.096827964
575,2.89466895,3.07979669
576,2.88109623,3.092510954
577,2.88170955,3.072166494
578,2.87383157,3.002599624
579,2.89706792,3.073105383
580,2.89489402,3.083067474
581,2.90843312,3.109327633
582,2.88258381,3.074642188
583,2.89378631,3.090980784
584,2.83574689,3.064191651
585,2.92135197,3.130566085
586,2.87506749,2.952536184
587,2.86904041,3.126433201
588,2.87894472,3.05457549
589,2.88418747,3.040800513
590,2.88602893,3.085882483
591,2.892177,3.095711154
592,2.88115345,3.163343111
593,2.91009433,3.114243174
594,2.88188026,3.085785775
595,2.90938469,3.083286897
596,2.87024013,3.059989182
597,2.85948273,3.106148594
598,2.89483858,3.084705118
599,2.81675515,3.130646214
600,2.86914698,3.055070608
601,2.90015043,3.084346505
602,2.89993087,2.98506463
603,2.8583034,3.043155679
604,2.86796269,3.050935812
605,2.87154423,3.086231645
606,2.87906224,3.065352025
607,2.88357284,3.103716613
608,2.77383128,3.084027483
609,2.88665411,3.063340214
610,2.875587,3.145593744
611,2.88984161,3.097709478
612,2.87567241,3.044630774
613,2.85717763,3.101189702
614,2.87360204,2.936865845
615,2.83291149,3.095059785
616,2.88230549,3.110960023
617,2.90079408,3.083280294
618,2.85416001,3.106507332
619,2.87450426,3.084279324
620,2.90741871,3.092724532
621,2.86254158,3.115498518
622,2.91931814,2.952833143
623,2.8912329,3.100779745
624,2.92285336,3.052119484
625,2.84379999,3.085135866
626,2.91733945,2.90878735
627,2.88982877,3.057755005
628,2.87788723,3.108049919
629,2.90110411,3.097970923
630,2.89159821,3.115533112
631,2.89557581,3.076463891
632,2.91961096,3.081216526
633,2.89739353,3.138690538
634,2.89237764,3.097663824
635,2.87378046,2.972191464
636,2.87829742,3.076415605
637,2.8614608,3.085081476
638,2.80318515,3.07494049
639,2.86179408,3.096134539
640,2.86073808,3.059914338
641,2.89539151,3.081864654
642,2.90717391,3.086558345
643,2.8665097,2.909325144
644,2.86685805,3.086567509
645,2.87158648,3.101135191
646,2.89855859,3.109570442
647,2.87869032,3.118644203
648,2.8902017,3.070346263
649,2.87779803,3.062650683
650,2.87004213,3.114874553
651,2.88302872,3.134594603
652,2.90415991,3.098209078
653,2.87187509,3.052403408
654,2.89855754,3.066009281
655,2.89974305,3.105318211
656,2.88585871,3.089256393
657,2.86216858,3.13604005
658,2.92750514,3.109497347
659,2.85860832,3.107681033
660,2.90673214,3.063735365
661,2.87749352,3.040381041
662,2.88481518,3.108155637
663,2.87747345,3.062535332
664,2.89413815,3.127027065
665,2.9144944,3.090739361
666,2.90360398,3.103144731
667,2.88586186,3.098792477
668,2.87482844,3.082042127
669,2.89655513,3.098416193
670,2.87670684,2.97089199
671,2.90891565,3.060944505
672,2.90591387,3.067071118
673,2.90184052,3.071801414
674,2.90905637,3.05726064
675,2.88533177,3.058812427
676,2.91011625,3.100653977
677,2.90127877,3.055275944
678,2.80864831,3.081527813
679,2.88646814,3.107802815
680,2.88137818,3.058139739
681,2.88815309,3.078852209
682,2.88022786,2.967941244
683,2.8889226,3.079294212
684,2.90338794,3.114786565
685,2.93226363,3.067420784
686,2.88084742,3.084068363
687,2.87182755,3.097561387
688,2.88720173,3.086578263
689,2.87743812,3.06602088
690,2.86859001,3.119187575
691,2.83635703,3.011222898
692,2.85753614,3.100724628
693,2.89829503,3.063932777
694,2.86280545,3.06648922
695,2.88201909,3.122156463
696,2.79839344,3.077811475
697,2.86293931,3.114326174
698,2.87691866,3.10599483
699,2.90503576,3.129594924
700,2.92375401,3.127190496
701,2.89179082,3.068849097
702,2.89055594,3.094702288
703,2.87237153,3.088604065
704,2.89581162,3.053396733
705,2.90491661,3.066824205
706,2.83324811,2.983337155
707,2.87635932,3.056033838
708,2.87478542,3.086843033
709,2.79544075,3.093845434
710,2.89833005,3.078394203
711,2.86769745,3.120881018
712,2.87306694,3.112554306
713,2.88580944,3.096917544
714,2.91152499,2.968396988
715,2.89524408,3.114605007
716,2.90659481,3.120007324
717,2.87609468,3.04488184
718,2.88840414,3.054775184
719,2.88236542,3.084917917
720,2.87404763,3.061364824
721,2.87694315,3.070773962
722,2.9170545,3.103144488
723,2.90591609,3.06971728
724,2.89515108,3.072616367
725,2.88397957,3.110098537
726,2.9050989,3.100756335
727,2.84744786,3.086196851
728,2.86100466,2.983452068
729,2.83919968,3.020213689
730,2.89880775,3.003308289
731,2.87532447,3.064820683
732,2.89728024,3.094234357
733,2.89794373,3.092997008
734,2.89577662,3.065480187
735,2.89105676,3.051617817
736,2.89144039,3.099461619
737,2.90949114,3.0837424
738,2.87578122,3.072054508
739,2.90276758,3.113945063
740,2.91686655,3.107273039
741,2.8661572,3.122188299
742,2.78715338,3.069459314
743,2.87034049,3.008753029
744,2.88448035,3.104630656
745,2.87746492,3.07057803
746,2.88448022,3.092003693
747,2.89248087,3.03416662
748,2.90186246,3.048481992
749,2.88045584,3.130284366
750,2.8860354,2.898517336
751,2.90819436,3.077832183
752,2.95196966,3.085701731
753,2.89256569,3.08877263
754,2.88857126,3.088150479
755,2.89588136,3.080657687
756,2.87792941,3.092155572
757,2.86549726,3.084506137
758,2.86388412,2.947785076
759,2.88182829,3.070823405
760,2.88359055,3.083417468
761,2.88767419,3.085557936
762,2.89570608,3.088904445
763,2.90597025,3.074811232
764,2.90264112,3.06898118
765,2.8898754,3.140708276
766,2.87833567,3.098169067
767,2.90576463,2.97369784
768,2.91712109,3.060716252
769,2.89729571,3.053627728
770,2.88671429,3.115124692
771,2.88039706,3.052411544
772,2.92858138,3.08844197
773,2.87939831,3.094946936
774,2.87582093,3.073588664
775,2.88462471,3.064868676
776,2.88255796,3.062580148
777,2.84761406,3.054663858
778,2.88593804,3.10211469
779,2.89481859,3.100366448
780,2.86201103,3.122848876
781,2.87598751,2.978960883
782,2.8737108,3.066137951
783,2.85315739,3.08052934
784,2.88991579,3.07075573
785,2.88571846,3.103808296
786,2.87924319,3.093025521
787,2.89252533,3.086274894
788,2.88439494,3.075730171
789,2.88797599,3.07551786
790,2.89158975,3.123201839
791,2.91042087,3.051218162
792,2.88987217,3.091475876
793,2.85637117,3.049261308
794,2.873679,3.067805317
795,2.89101956,3.055007939
796,2.87936597,3.071705064
797,2.88185528,3.099946465
798,2.84209065,3.097213846
799,2.89790263,3.082590837
800,2.89228583,3.129513376
801,2.88604858,3.083423939
802,2.87979719,3.080771652
803,2.89888679,2.93180647
804,2.93071866,3.098983998
805,2.86153118,3.104950534
806,2.88145586,3.116153892
807,2.91131485,3.135061046
808,2.89656382,3.090039314
809,2.8846013,3.097181504
810,2.90483715,3.0631908
811,2.8949134,3.086256478
812,2.87747835,3.070121576
813,2.89204275,3.108860079
814,2.88072755,3.110047287
815,2.90326755,3.068345625
816,2.88359139,3.088441835
817,2.87589024,3.083196609
818,2.8794543,3.07196773
819,2.91034199,3.080709287
820,2.85562809,3.090711912
821,2.89085274,3.077242198
822,2.9144959,3.088405523
823,2.88092858,3.093693688
824,2.87683071,3.15685327
825,2.86502247,3.070510061
826,2.87125595,3.0972381
827,2.91391175,3.086305458
828,2.86180478,3.113207369
829,2.88982313,2.904295135
830,2.88799057,3.080934063
831,2.89537962,3.103995876
832,2.8906379,3.043224555
833,2.91249955,3.097651702
834,2.90480499,3.040343229
835,2.82054888,3.090772716
836,2.86861008,3.066461284
837,2.87827023,3.08729729
838,2.88662134,3.082056246
839,2.89407181,3.098316653
840,2.87474555,3.064233823
841,2.83884023,3.126981172
842,2.88512122,3.105876637
843,2.89886254,3.045035306
844,2.8724538,3.069021783
845,2.9128975,3.118307858
846,2.82428054,3.079787917
847,2.90002918,3.080028804
848,2.83285868,3.086531693
849,2.86561844,3.078738147
850,2.89981794,3.116184057
851,2.91489273,3.017180821
852,2.82597946,3.128767252
853,2.87091787,3.106292841
854,2.88106887,3.111346711
855,2.9046126,3.074929189
856,2.89548957,3.095510598
857,2.82395285,3.134418313
858,2.82895057,3.155782733
859,2.89696051,3.124503439
860,2.91816226,3.087522949
861,2.87355503,3.051095839
862,2.85228153,3.098310824
863,2.90461241,3.095412873
864,2.8866068,3.073953968
865,2.90021511,2.953257467
866,2.88135775,3.045109699
867,2.86358854,3.096571295
868,2.904769,2.900328393
869,2.89125448,3.096664395
870,2.8785157,3.024605171
871,2.88198487,3.084199692
872,2.8849425,3.077031789
873,2.86269917,3.106712952
874,2.92887155,3.099978548
875,2.87953881,3.064572226
876,2.92461091,3.095473114
877,2.88033272,3.088479559
878,2.8627989,3.062037991
879,2.88936664,3.112452239
880,2.90575119,3.092976316
881,2.80697995,3.096620449
882,2.8876771,3.056740649
883,2.89934311,3.081651369
884,2.88834847,3.077272168
885,2.87573854,3.080413652
886,2.85504988,3.004865193
887,2.87857854,3.090923739
888,2.89487576,3.084907498
889,2.91711682,3.085630471
890,2.89068322,3.118827376
891,2.81999577,3.058199689
892,2.89637562,3.056564197
893,2.83039031,3.127147201
894,2.90315108,3.070584327
895,2.86149752,3.046649275
896,2.92734846,3.110307017
897,2.86483722,3.10263802
898,2.87642135,3.080574676
899,2.89148725,3.081462481
900,2.88249737,3.065912869
901,2.85804217,2.95282816
902,2.89597441,3.078477349
903,2.89084972,3.113962238
904,2.87153099,3.036474918
905,2.87522966,3.107889894
906,2.89815227,3.078090024
907,2.93030378,2.98660196
908,2.85996972,3.11372578
909,2.89890573,3.067527184
910,2.74946526,3.100482628
911,2.89044587,3.119173182
912,2.86205292,3.113796088
913,2.83678019,3.103435574
914,2.91004774,3.121962199
915,2.89073777,3.102931611
916,2.92627398,3.105436876
917,2.90154599,3.082568909
918,2.89251107,3.12050397
919,2.88269874,3.104125453
920,2.8827129,3.095633493
921,2.82879051,3.114069843
922,2.85120769,3.086754961
923,2.87763057,2.985365756
924,2.93643166,3.076656571
925,2.89318024,3.079861722
926,2.83729042,3.098372563
927,2.88819389,3.05750668
928,2.90120696,3.029732791
929,2.91162864,2.973762665
930,2.92387306,3.098185023
931,2.88447482,3.073301365
932,2.88971632,3.039942252
933,2.8838167,3.106649711
934,2.86646783,3.07028381
935,2.91173483,3.132506152
936,2.91932824,3.088998948
937,2.87938678,3.06569958
938,2.87553039,3.082233006
939,2.88527391,3.085707081
940,2.88874213,2.90562829
941,2.86441216,3.129975924
942,2.90385809,3.053719435
943,2.86120633,3.090630729
944,2.89243238,3.081718089
945,2.92060134,3.102784259
946,2.89651399,3.055669503
947,2.87052556,3.082386037
948,2.87188928,3.115124368
949,2.8953391,3.078625557
950,2.900085,3.071617305
951,2.92328234,3.101729934
952,2.86989825,3.074902075
953,2.88812879,3.08485004
954,2.86323401,3.091407728
955,2.92643924,3.091404523
956,2.89072857,3.010651633
957,2.89208416,3.04916968
958,2.89801557,3.061203943
959,2.88121311,3.085839794
960,2.91621949,3.08296901
961,2.91732458,3.092407431
962,2.86287694,3.117565622
963,2.89104368,3.104994172
964,2.88286022,3.086394876
965,2.878648,3.022129897
966,2.90231051,3.098427048
967,2.9019689,3.098378685
968,2.9178254,3.071883741
969,2.89569479,3.068892963
970,2.90685097,3.107795706
971,2.89294238,3.088780167
972,2.89045413,2.910660851
973,2.82835983,3.073506962
974,2.84786408,3.097527818
975,2.91055571,3.126661744
976,2.88410436,3.106280857
977,2.88789824,3.08251119
978,2.89800947,3.10218934
979,2.89451605,3.081327408
980,2.88867886,2.90525829
981,2.90722508,3.106402133
982,2.91121623,3.112833804
983,2.87712041,3.072049901
984,2.8694944,3.09660135
985,2.89167367,3.07349807
986,2.88912923,3.092180119
987,2.90563002,3.105860604
988,2.87930181,3.120834663
989,2.8081426,3.062148565
990,2.90595323,3.082107186
991,2.87701512,2.954989763
992,2.89598022,3.097117157
993,2.87915697,3.121845061
994,2.90108227,3.092250735
995,2.87693275,3.07182796
996,2.89555531,3.112039817
997,2.89818534,3.102743347
998,2.90281516,3.087172028
999,2.87505312,3.232907779
1000,2.87257168,3.104219286
1001,2.89982588,3.05903479
1002,2.88635955,3.058232529
1003,2.84372243,3.089326357
1004,2.88103111,3.084881536
1005,2.88902968,3.005132697
1006,2.83138415,3.084040896
1007,2.89903398,3.120867806
1008,2.88710969,3.10211408
1009,2.88164113,3.141334077
1010,2.87610871,3.108928828
1011,2.84369324,2.923795358
1012,2.87536083,2.978400306
1013,2.86721524,3.086318122
1014,2.90016008,3.08431222
1015,2.88123639,3.09240041
1016,2.90628182,3.096047821
1017,2.84443532,3.067841476
1018,2.8952857,3.089699075
1019,2.87519976,3.082647385
1020,2.90190844,3.093221982
1021,2.89038402,3.075864193
1022,2.86490655,3.077857092
1023,2.874303,3.05977896
1024,2.8772043,3.078595106
1025,2.86592419,3.089242041
1026,2.89079436,3.054060408
1027,2.8982395,3.051917976
1028,2.92443081,3.077740862
1029,2.91721323,3.080137033
1030,2.86941319,2.951530383
1031,2.85828232,3.070978812
1032,2.86821918,2.929094805
1033,2.90500079,3.103219988
1034,2.91139264,3.090948787
1035,2.96014215,3.115598901
1036,2.88745843,3.093564524
1037,2.89318867,3.141043707
1038,2.88967013,3.076023555
1039,2.84508918,3.08643827
1040,2.90159815,3.092029999
1041,2.90683576,3.107978379
1042,2.90465123,3.069083549
1043,2.87881851,3.060319
1044,2.8785515,3.075991511
1045,2.87944141,3.088495677
1046,2.95060161,3.047122624
1047,2.89627405,3.072716358
1048,2.89579972,3.087303287
1049,2.90328413,3.155820043
1050,2.7864323,3.052960545
1051,2.88284843,3.053494468
1052,2.87188203,3.086352253
1053,2.89873129,3.089704109
1054,2.90415761,3.137415234
1055,2.89740799,3.130686953
1056,2.91496866,3.07107255
1057,2.92046438,3.108209522
1058,2.88476377,3.10318326
1059,2.88868545,3.087093471
1060,2.90080989,3.051898787
1061,2.8854615,3.079218666
1062,2.85853165,3.088104472
1063,2.81571675,3.089453411
1064,2.89997441,3.089325753
1065,2.8641551,3.113507621
1066,2.89696993,3.082254656
1067,2.87773052,3.087065168
1068,2.89009505,3.126653944
1069,2.88651901,3.083500112
1070,2.90802401,3.064986213
1071,2.89413899,3.026566886
1072,2.90209352,3.087591325
1073,2.87550126,3.095331315
1074,2.9243726,3.110104467
1075,2.88604877,3.125172995
1076,2.90353093,2.993992822
1077,2.8897231,3.103726945
1078,2.76325717,3.086057553
1079,2.90783399,3.066752967
1080,2.8220957,3.119947444
1081,2.91801032,3.120485487
1082,2.88428808,3.106177436
1083,2.8391988,3.110344695
1084,2.8865109,3.066670309
1085,2.85380312,3.094587215
1086,2.87710544,3.048449474
1087,2.87011249,3.12959215
1088,2.91126196,3.108360824
1089,2.81635316,3.096536932
1090,2.90357692,3.078697752
1091,2.89916644,3.101403139
1092,2.89772183,3.107607361
1093,2.88491311,3.057479567
1094,2.89954966,3.129496078
1095,2.89696476,3.10003862
1096,2.90552153,3.109196634
1097,2.91853992,2.981304988
1098,2.87876002,3.091802212
1099,2.87638391,3.082968634
1100,2.8695916,3.096674119
1101,2.88948676,3.132859321
1102,2.84882637,3.082330312
1103,2.86257136,3.11715703
1104,2.90821408,3.090378484
1105,2.88053207,3.098176278
1106,2.89804574,3.058531454
1107,2.87691513,3.074765425
1108,2.89822108,3.115764749
1109,2.90606347,3.078226927
1110,2.88923129,3.089941921
1111,2.88433007,3.096705418
1112,2.87325681,3.100504378
1113,2.88252538,3.078200968
1114,2.78013689,3.103699354
1115,2.8511663,2.954279719
1116,2.80772655,3.121702158
1117,2.89387305,3.064905759
1118,2.86279888,3.105310171
1119,2.88732256,3.093926082
1120,2.8876786,3.072102628
1121,2.902136,3.048518264
1122,2.86111408,3.105888993
1123,2.89614131,3.117442218
1124,2.90311064,3.10559118
1125,2.91547283,3.102637962
1126,2.81849794,3.093709895
1127,2.89476479,3.106941957
1128,2.84240933,2.995879655
1129,2.89447705,3.100665927
1130,2.8957379,3.003482199
1131,2.87862452,3.074092347
1132,2.90705414,3.10505313
1133,2.88479573,3.00618133
1134,2.89311642,3.092917719
1135,2.87791999,3.120213848
1136,2.88367494,3.092740068
1137,2.85562347,3.109195882
1138,2.90327621,3.053593627
1139,2.8976793,3.101306857
1140,2.93857701,3.035796167
1141,2.91515082,3.107650189
1142,2.88875436,3.102491964
1143,2.88081998,3.059274237
1144,2.88044985,3.145232507
1145,2.79734883,3.047571752
1146,2.88625743,3.071045927
1147,2.87749815,3.042577418
1148,2.77274099,3.092471965
1149,2.83514247,3.116452103
1150,2.93767451,3.059058371
1151,2.88697563,3.070147161
1152,2.82956664,3.015347017
1153,2.86934815,3.10982872
1154,2.90131726,3.139856955
1155,2.89526404,3.049446917
1156,2.89402711,3.063792904
1157,2.92031503,3.090036719
1158,2.9033623,3.08881496
1159,2.88913074,3.081925484
1160,2.8495289,3.072247893
1161,2.89425483,3.081689524
1162,2.8728714,3.070222587
1163,2.91734295,3.058875718
1164,2.86465745,3.117976076
1165,2.90079248,3.052316011
1166,2.89613911,3.055876067
1167,2.84866717,3.041929173
1168,2.86565642,3.113386019
1169,2.85430503,3.069043964
1170,2.87517207,3.083916635
1171,2.90180222,2.941812763
1172,2.90354374,3.119550585
1173,2.789454,3.084930576
1174,2.90373177,3.11285927
1175,2.88470783,3.128337201
1176,2.88541307,3.074602365
1177,2.88932815,3.140219085
1178,2.89440129,3.082193312
1179,2.92319138,3.041099708
1180,2.88331575,3.091559127
1181,2.9325926,3.082203174
1182,2.91181965,3.115444157
1183,2.81407934,3.047147278
1184,2.88246736,3.092852597
1185,2.89443704,3.135088714
1186,2.88600857,3.082065493
1187,2.88736059,3.107881299
1188,2.89840006,3.103281695
1189,2.88925565,3.075142989
1190,2.91813717,3.065376522
1191,2.87223036,3.125243024
1192,2.88116659,2.904839236
1193,2.86956602,3.025157872
1194,2.79861299,3.08135988
1195,2.80909342,3.083937767
1196,2.87436835,3.105191508
1197,2.87703709,3.100206254
1198,2.8815292,3.096430338
1199,2.86674077,3.097751813
1200,2.88570781,3.102573231
1201,2.88390743,3.051295152
1202,2.882805,3.014920974
1203,2.88145539,2.89288986
1204,2.76602962,3.082587573
1205,2.88199937,3.054315329
1206,2.89283688,3.030582317
1207,2.91658777,3.070315917
1208,2.87505953,3.123938638
1209,2.89206682,2.965320441
1210,2.92978626,3.113443864
1211,2.86754694,3.145400975
1212,2.83615684,3.077735081
1213,2.9046603,3.075766595
1214,2.88082849,3.019645316
1215,2.88510118,3.072785956
1216,2.9095243,3.099140131
1217,2.82401409,3.133450442
1218,2.86328288,3.099673366
1219,2.87671422,3.095545753
1220,2.90429703,3.067601623
1221,2.88559349,3.106857355
1222,2.90901474,3.103039402
1223,2.88139698,3.096995072
1224,2.87669936,3.08747927
1225,2.86602193,3.096580795
1226,2.85539763,2.951026042
1227,2.89820015,3.093714308
1228,2.90238686,3.061972898
1229,2.89253604,3.080302267
1230,2.87861017,2.964734464
1231,2.87361036,3.04326963
1232,2.88771578,3.041586222
1233,2.79728953,3.003108771
1234,2.88457419,3.098292544
1235,2.88623409,3.074668377
1236,2.89593705,3.073372083
1237,2.90820673,3.082208696
1238,2.88245733,2.946021612
1239,2.92979331,3.129387521
1240,2.81390261,3.102726952
1241,2.89881176,3.064087769
1242,2.92317498,3.09078952
1243,2.90442293,3.10075342
1244,2.87753348,3.073831228
1245,2.87937926,3.066075003
1246,2.77219334,3.071328146
1247,2.87419856,3.084319102
1248,2.90351921,3.087939469
1249,2.88864195,3.072189369
1250,2.89254331,3.095680706
1251,2.92032576,3.069688112
1252,2.92410523,3.147182098
1253,2.90548835,3.013165205
1254,2.88505548,3.052409748
1255,2.88427963,3.083652034
1256,2.87323418,3.096888752
1257,2.87419884,3.101030584
1258,2.87926949,3.095314268
1259,2.87247978,3.100152238
1260,2.88239215,3.08146239
1261,2.81311533,3.062095452
1262,2.88642409,3.054953293
1263,2.946963,3.069800917
1264,2.88647616,3.130364482
1265,2.88256407,3.070190296
1266,2.8814423,3.075338377
1267,2.91718599,3.111275492
1268,2.89569623,3.145614798
1269,2.90197576,3.084753155
1270,2.89399968,3.092440894
1271,2.90327049,3.144921657
1272,2.88593389,3.119620203
1273,2.89895245,3.097553468
1274,2.85269485,3.077425714
1275,2.87533657,3.054559962
1276,2.9323879,3.109203088
1277,2.88323479,3.079059055
1278,2.86821338,3.105144984
1279,2.88392674,2.986041575
1280,2.87229098,3.05342744
1281,2.79369761,3.092317558
1282,2.90315297,3.102419806
1283,2.86724944,3.092993797
1284,2.89168823,2.885608103
1285,2.91380682,3.078567038
1286,2.91759577,3.122009612
1287,2.8002772,3.104083109
1288,2.90165988,3.110876702
1289,2.89268107,3.093037455
1290,2.91290017,3.101066359
1291,2.91667977,3.107404818
1292,2.91467075,3.084975852
1293,2.90626443,3.111857264
1294,2.91123716,3.101706154
1295,2.88649159,3.117448123
1296,2.88522662,3.073218133
1297,2.89969031,3.048220254
1298,2.88508194,3.080353422
1299,2.89938746,3.105169298
1300,2.85781784,3.073203607
1301,2.89124428,3.066994669
1302,2.90172708,3.115568304
1303,2.89249969,3.094626013
1304,2.8913853,3.074607271
1305,2.93552343,3.083973056
1306,2.90150002,3.118404757
1307,2.88076058,3.095846615
1308,2.87971918,3.090033537
1309,2.89990482,3.086163517
1310,2.89869246,3.092175098
1311,2.89585409,3.062197079
1312,2.86994575,3.043395362
1313,2.84995997,3.060293374
1314,2.87086988,3.081789572
1315,2.89406069,3.080456982
1316,2.91303906,3.088490122
1317,2.91595086,3.085844977
1318,2.88358017,3.092043564
1319,2.87146293,3.115455632
1320,2.87889976,3.107483737
1321,2.77883449,3.11335082
1322,2.87179708,3.088975576
1323,2.89557919,3.058176192
1324,2.83752761,3.103429689
1325,2.8706799,3.098100124
1326,2.90989159,3.129587612
1327,2.83517469,3.129383617
1328,2.81395713,3.088818135
1329,2.86669539,3.067041107
1330,2.885729,3.076938299
1331,2.89880576,2.944647672
1332,2.89184468,3.097472046
1333,2.88373927,3.094584186
1334,2.88635052,3.08945891
1335,2.94922382,3.106531898
1336,2.80568345,3.107910674
1337,2.90202201,3.075926346
1338,2.87640961,2.965998807
1339,2.89277943,3.115678141
1340,2.8905477,3.053857501
1341,2.91467749,3.091086054
1342,2.88771862,3.062717747
1343,2.90437509,3.051021903
1344,2.88227647,3.073341038
1345,2.88809875,3.113122157
1346,2.87899639,3.11232201
1347,2.87321857,2.972509443
1348,2.91350372,3.074066088
1349,2.86346991,3.094633984
1350,2.87876177,3.124308951
1351,2.88485541,3.062574585
1352,2.86670407,3.067777318
1353,2.91683994,3.08938792
1354,2.84957704,3.068771836
1355,2.86294853,3.065681233
1356,2.89112312,3.076853758
1357,2.87864488,3.099384613
1358,2.89675473,3.123363379
1359,2.889266,3.082798981
1360,2.88469164,3.079661052
1361,2.82136371,3.103694145
1362,2.89733541,3.07642007
1363,2.9085297,3.114651094
1364,2.91669708,3.09744322
1365,2.85220241,3.097548519
1366,2.88921717,3.138109997
1367,2.88413572,3.108500286
1368,2.77756598,3.086940879
1369,2.90262566,3.130971768
1370,2.87895936,3.041644981
1371,2.87442719,3.088416808
1372,2.87088159,3.081839479
1373,2.88999084,3.046437789
1374,2.93998145,3.127261864
1375,2.8970719,3.055461218
1376,2.89804863,3.095815818
1377,2.8748287,3.105584533
1378,2.90112049,3.096387416
1379,2.86105287,3.083184596
1380,2.80901209,3.080629333
1381,2.92070114,2.965583421
1382,2.79781877,3.112950443
1383,2.87728078,3.115841839
1384,2.89131531,3.098774144
1385,2.86445677,3.091661083
1386,2.91194499,2.919987132
1387,2.88824511,3.129113409
1388,2.92028217,3.091483721
1389,2.91236032,3.076276573
1390,2.87095353,2.907256278
1391,2.90716153,3.117410612
1392,2.87445699,3.091708958
1393,2.89424161,3.116718245
1394,2.87894325,3.112629244
1395,2.87473748,3.084823416
1396,2.87071987,3.056096669
1397,2.88230002,3.093305792
1398,2.90406114,3.056288375
1399,2.87497132,3.096418539
1400,2.86734544,3.074811589
1401,2.88991036,3.069733356
1402,2.8666083,3.038690525
1403,2.87780091,3.061450426
1404,2.92385745,3.12003837
1405,2.88724774,3.114629262
1406,2.89489262,3.036894232
1407,2.88499742,3.059073441
1408,2.89113457,3.084767827
1409,2.93000984,3.10768917
1410,2.88703886,3.092386057
1411,2.9294587,3.098017703
1412,2.85874698,3.058840185
1413,2.90527652,3.091323007
1414,2.89414503,3.058334741
1415,2.88782453,3.097881799
1416,2.88057943,3.09322556
1417,2.87564461,3.085740075
1418,2.8872895,3.077431672
1419,2.86564255,3.111132352
1420,2.897758,3.091350395
1421,2.8932039,2.942396082
1422,2.88703894,3.087748765
1423,2.87644461,3.128977066
1424,2.89771701,3.139213521
1425,2.75342016,3.067075902
1426,2.90980161,3.120403468
1427,2.9209451,3.11592186
1428,2.8993336,3.104213347
1429,2.85674793,3.075147396
1430,2.90740307,2.942862285
1431,2.91683716,3.09271577
1432,2.87997081,3.087452509
1433,2.89208949,3.092720876
1434,2.90386647,3.114441443
1435,2.88801424,3.0761258
1436,2.89394033,3.109537661
1437,2.88130504,3.093140766
1438,2.81018823,3.052517258
1439,2.91457966,3.077610262
1440,2.88454254,3.066411483
1441,2.86322388,2.949160176
1442,2.79516545,3.068980657
1443,2.82596097,3.059106463
1444,2.89469272,3.108366368
1445,2.87986387,3.098036981
1446,2.88808792,3.055436511
1447,2.89761678,2.970427558
1448,2.88473127,3.03312326
1449,2.89330963,3.11494184
1450,2.8971468,3.12057157
1451,2.8797324,3.067348801
1452,2.85269418,3.072909797
1453,2.85567373,3.053934252
1454,2.88656707,3.110621274
1455,2.89988657,3.106040526
1456,2.90009856,3.081307647
1457,2.89206819,3.076548109
1458,2.89407414,2.886565264
1459,2.87185298,2.983964893
1460,2.87451661,3.0773558
1461,2.8942415,3.096493263
1462,2.82592686,3.076007977
1463,2.91706914,3.06935514
1464,2.92456963,3.087378851
1465,2.87261469,3.136227321
1466,2.85456452,3.059031752
1467,2.89402918,3.087981918
1468,2.87416863,3.083272738
1469,2.90625188,3.09012747
1470,2.87360674,3.089277188
1471,2.91791909,3.06801827
1472,2.91544816,3.070578717
1473,2.89417856,3.097088642
1474,2.89108754,3.06609899
1475,2.89310988,3.098710342
1476,2.8828807,2.968329319
1477,2.86510586,3.105790846
1478,2.87752564,3.142326265
1479,2.94651612,3.066282872
1480,2.85279194,3.09071935
1481,2.91829247,3.141870896
1482,2.85844216,3.110863532
1483,2.84443442,3.071813002
1484,2.87803448,3.102519968
1485,2.90164608,3.079936289
1486,2.88180712,3.098495666
1487,2.91630659,3.093970451
1488,2.89152239,3.108492236
1489,2.92039008,3.099633065
1490,2.91410976,3.093263758
1491,2.91205967,3.096091704
1492,2.83615874,3.100548734
1493,2.88864023,2.959600671
1494,2.88845631,3.072903762
1495,2.87591326,3.074617814
1496,2.88715111,3.064421334
1497,2.88884687,3.083755934
1498,2.88003084,3.091999167
1499,2.86205192,3.089910269
1500,2.86628226,3.096242428