No,U_m2
2674,afe0410b1f519358b154b57af77a0c3c
1134,496ce1c277c0dd5cbde53e6060747eab
2626,ac9acc7684868759eb52290e94015fa4
3075,cc086c5d2ceee49f6e487ea9d4e44a01
3351,dee0f8e02feea08cea5e457ee346242b
1239,509a38bee28ee5a378a49703b383da22 
1619,6a91e0a3e1f90cf005707c1b71a2bf39
3026,c81a1f8c0750aae996dee25fb63cf4b5
1300,54afc44edd005db1fc5ab45ebf5ad803
1184,4d0fae3fa4398fe36c4480846e217205
2941,c30cafe34b12ba5822de4582bf0a4759
839,37b0a7f18cecb4ceb7d6395982a923e4
2154,8eb2c5bebdf244e9967a87075342b78f
2970,c4ea4457316fe9c5303ab1a91255ef4f
2368,9bce5b2a13302590a1994061ab5213c3
1311,5538a7bc5e8df0556d7c3c9a0dc65a4d
1983,83c258d4a154b0f935ff5bd5aa82c1d2
1751,73c0fabc6656dae8f4f72fd5d743aac4
2785,b8b971f613730d01394c7e008b875aa5
2949,c39268002f3b2922a411a2bec590269a
727,2fa3c83f0c173e78b2f966b9bd5cdf86
1329,56b82a5f8aff41b8f40cc555d5aa1db1
2055,880f1d0fef31ffc22d04cbe9eb03cd87
1768,749c51d2f72348bb03b90a01b11c5473
303,13584b8e450a974a30c1e494e10b148a
1488,60ffdb0e07e8a00cff3bc4dab921bc0e
2690,b0c40b0e5efc46ac7d776ec29fdd702d
3523,e8042e2bb4c1d08af2affde79d09d4ce
1191,4d8a55db6cd3f8041c62f6893bda2a84
1273,52bbee6bd959c5a3c16926b66e202ae7
1045,432e645a223842bf0dd6dca0dc3b29e2
3226,d610df34a0c21575646fe2dcd1a942b9
2636,ad69cfbe3bb74adb92ebe059f6313eab
2897,c03c187e4240a2347d9c582a9fa6c851
1526,63b7cab7463b9b0cce8730f3ba4e1576
3446,e3dac78e27e3df0ece91f723a4d86e80
1480,6079953e9dd6ecf9224dd08f4bcc1e69
1547,64f84fd368994bb8e5d4e5efaa0dc90c
1374,59df2aee9e6906d2505566987ce56b64
1117,47fd1855b0f11145d8a0b62e604c897d
2620,ac1fb16013959895a280acc6d134d52c
1372,594b4f914fa4fe2a1f0fb004fb66c3d6
2834,bbebfd852c157ba10dbf8845b41073ca
3449,e40c66ab319446c5ed90665ba9f66365
1016,41ac2b35ee5578837f003345a98458c1
8,0094c61e0490c45931da8c0fe1f9c58c
282,11feec618f2fbc6bb75b4fa92df793e6
2207,91a39c5785cf267dc76565a406580a42
2849,bd1689afa023472ad5f1f6f3fa7a8cdd
3427,e2fea8e11705488d59e62ff72442b531
365,170c86ca41108027c506af64d71c1ce2
2186,901260228d94d8d229cc8e9df061a824
1938,7fca39560c706184912ae313cfa3b0d8
3111,ce78e317adf954f7bb368d5cd792acb4
520,229a56f105d72672e926bdbf0f2842a8
1632,6bac1325224da727ac3c9457216bbbb7
1832,784a69672fe4de95e4b11a91d2c41750
665,2c60e08028cb993fd83b7765ab2c9d74
3275,d947da9240f39f392b131213262e8a0a
190,0bc91647013453fe58fdbd99a6918e4e
1738,72b3e0418f5469daca35372bf56143e1
2238,93daa7eb822597734179e6637a489c29
2934,c2901be4d7f3aceb76458997a88e15e0
589,271eb9ad9658b450b58cc7698a775248
1624,6b2edee97489bcdd3e99431b40c8e6a9
3270,d91d3b08fd904322b3a21b855a6b16b5
2850,bd20fa3559a7fded76818ebeec76c85b
991,3fc6d09ab5bec70569207ec062f8ce3f
3819,fd9bf2f1836eb29144df19fa91533883
989,3fbc5bd127890405694e37a98cb710c5
1836,789c162ef70c2b1eb1766d3afd6ca425
1133,48ff3d9c4bfb0cbfaf8c0e27b20a5e09
634,2a7a3e3fedfcafcd379fb122eb436787
164,0a5465e087b2ec4126545703f0bc4a9e
1907,7d79233203f52bcac784810c3a9e9850
3646,f0456c1d6877bee4036e3d4e68bc959f
637,2abb7fd542233420dfaa23537a041075
1418,5c74fad2746d0a040bc119806679e5cf
3674,f150a7b4b19cb8f7df8e524612de81ea
615,28faa8be3a94d1c1e64391697a3068ea
1061,44cf257ac0aaa5d17cc9f2613419aebe
997,404f8f710e19c20daa60ae5da4d47a2e
1282,5370f57dffc00344374b7f6044da96cf
1140,49ae3f9606bf5d5e73aed0c9d3b5f8cd
1106,4760a034ddee345d50b698c4f1754c9a
460,1ebc29916f568f7686ed8c49e6503b49
963,3e360df7de214b63674f6078c4c4efb8
1946,80785027c238f1e211d255a88e4ceb4b
1948,80b11a1727ddd78a85b6548183d64205
1308,552a941c0d3a92a14b04e6fdb7a69d9b
1392,5b0040e000b9ca0e76d74f3ef7cdfe21
285,12483a607abe2f73938da444ef5ffbcf
3839,fe978925b8c6980fd410f845c9b22966
1896,7d02aa6b7add8189987c351bd9b8c2c5
1797,767394b5a83c4becffe5968d292a7174
569,25b13165eae00a73908984a87f05df14
111,070db3126de06ad50412255a50f34e5e
588,271874184842d84ac49f00ca790c2340
3265,d8f198789a0bd17bad425f4c2b180dcd
1516,62e304ec2b8b06012bd4e080c2f69251
535,2364f21fc6270e843d5036923cf7ed4a
3669,f13827f3016928d3802bc78b10430907
1892,7c851b0e923e141ffef32c15ce988b38
687,2db37e86213283ab836846374b15f911
524,22e58dfc326c210fdd779285585ee62f
827,36a44448f4781a07b62ced99c2783b43
701,2e440c80a5ad2cdd2ca9b3931fc32a9b
2068,886d35e1ab0fe360a6561332eb1f6351
3694,f31b64007e7a767dc17451b4e386fb40
2492,a3c97c30887598ef57ebdf2c317b4268
3222,d552d8f5ec904b514941ebcdbe084540
1049,4388220f7818dbd64a965fe0740968b6
2128,8c7e413631a247794cc180b27f240c56
291,127de304c2bf47eafbcda353b2ac1506
1067,4502e3bb8820c0fd8a9b9bb17555ddf4
2222,92d1241742e4c678c7d601af9b4b587d
1858,79d18a045e06aabdda1e9af57d28bf43
2702,b16b7185891d08e9aa74cc9da556573e
1128,48905638c0af9226fbec289c216c0a6e
2778,b821c6dc650d8ad0bff10a0f2e78cf7d
2982,c58523f09628372b76306d3079c6363c
2280,96a2c10bedc679fbf62861a1fe2208cb
2075,8939eff817909bfa0fd828ba19a00bf2
966,3e5ddd294e517b6428fede453043355d
1057,443d446cbab69be95e6a501b3f93a4f2
685,2d948d16450c2dd0a64007e2aeac0e05
2939,c2dea51f0d2e7be216e62a7431b73a44
1545,64c54090d666fd7f976a37426a62df63
2615,abd872b61745239b7cf0e6ed6c5a2148
1715,70e6b043a4ad9b3662aaf8aa2f079fd6
1810,7736da6e944f3186207264017a9de289
1643,6c2753ef8bf4c715ab3998447985f9bd
1551,65176e4d5bf8835d5144856e77fdc199
3324,dccda640dcb9a9bb86a902684cd3ce1d
2811,ba8a1c1ed1acbceb020f15f6be42f3d5
2292,97005f6ef746fc607aba0977cfcdd04f
2839,bc6fa288ff9bce79eb46086bea17158e
2718,b2f0e19b26dd6732d3d7a4170749a692
3345,de3dda79648c0f54650afb5954a1e41f
1905,7d69e68a5e5c9efe378f4b09a9090345
3096,cd8cb1fdf16fa83f9f65abe10a4e844f
1525,639a053103173bfcae99870707f69770
1157,4b0fdfb7196702dff9c0ab2ec12d7471
2616,abec537d74d16a0849bd5d0b6257a5d1
401,19960d7bdc958b4978ff88234eba4b83
3429,e307ecbd09bc20038e6419c86266bffe
3042,c92005a31c1556e4d0ddaad008c22d98
2457,a10ee97ec76d4a720589c5947439ef1c
2828,bba19efe254b61653adadca88d466a06
1176,4c72a381ffb664ac941ae2f3f1ce2a86
617,291874185c6bd6dbbc2f005873bb9dbf
623,29a63b91f199b62b3abd018918ebfd41
3679,f1cfc4e20eb5c7e8ec0dea6dc6a95953
1062,44d305a996b3fd1f8f2e71f69724c1f0
3117,cf15a00b5faef69e9eb141610c7dc988
3503,e6ca7f8745f38099b4594b0e26932074
1585,67cb1bbb7274c6f1515b257eb7de1224
3438,e36c6aa102bf99f9c22b5eef0617f98a
693,2dee1ae40225a118ef3a12ca7f6ae3df
910,3b76b5c3865a0d0c87e668f1944217ba
758,31dcf67e9c7b137cab84a2c84001bcde
219,0db9e1fd8de2e2cb425109d9bae96698
705,2eb2e7047d90c492edfa683b08073b69
499,20f8518723e7fee9eaca34dc5468f833
1613,69afd1dcb6c689ed1fe8303607a24b38
488,2085f8bbf0933582cb0df5713ef0a3a6
886,3a47dba17cd9633d8c5fc76b14141077
889,3a63e0848d770e0bff6628ea143036c0
2820,bb3143e17f76c0b0e7b0cd461e9958ca
2197,9118e1729dd3015a1471c06bc3eae724
2921,c1ccf1a9420e744d6592d95094734d1b
2087,89d1450b0ec97cb1cfec3a59cd765cbb
27,02464b3ccb69ae268cef220aaff28de7
1332,56cefaea6784bc2d2010157d128e0d0b
78,050a0aad40ed58c3c7acf03e7c74f45a
1679,6ec92861e72522cf10aef9d15a9a6f5b
3775,facc11b93cf43f4141d237a24636b894
3688,f2eaa863f891a0fa80e969e49e132199
1722,71ae6cc1988af6e4ec380de936cf41e6
51,03914f68f0ae17910e62d444979d79bc
784,33a233e860005d2aa27229ee2fed1b59
145,0943623b4768d70d9f0d24f0beb06ee9
3078,cc742ef3a046bc7c62299f0323c98525
2273,963a05fb1312566ecd15893513472651
2755,b64c074a10313b21b57ae3e309b58100
54,03b870f8201e4646b30682994bbe3da0
2164,8f47c37af39e6fcf26f17896871154eb
3376,e0401494c41eb944a98e807031319b41
179,0b2ef743369cfb37c1c28ee664b9d0f4
521,22a0785f3e65d4f3ddb6926c04416252
1217,4f36f1a6e2552ed764b142eb3d5ff2e3
1407,5bea2ec3b5bd1493ba12cba4f1e35d59
550,2404d4ee8874a2e338e4d7369207e55d
3316,dc40ea94747c80fe57eecdba02d8d0b1
3715,f50dc74323d9d25effbb22b6811c2f3a
2879,be87bd64ab4751b7e560bfe4c3723cbc
3329,dd20cee93566ea5c0780cb5e137ace2f
3586,ec7da28bc49fb584cc613c558402fc9a
3862,fff1d00fe57a3d635fc9aa3df076ecbc
119,079012034ad70a665fecda2869675dd9
322,14553e4e945c290a6c7f907baa16b60c
2225,9312119014b15b381cd5ad7d92a5a055
75,04ef3fe105120866f61d7fdd5b838af1
226,0e167cb2bbefdfb794dd47129853e07e
3254,d858e3e253a25534fbdc9eeed28d1b80
1025,421833f4d13d0e684d02733684fd52a7
2519,a5729be71c4a6211605126dc56396162
1361,58bcfa2d84651be215d9d992a032237c
1353,582aa62e60a76c9f43ca4f472a1657cb
3741,f7e6fbf952ff3629a735cf945357e484
1364,58c463e9a80f8dfd95df97648cfdf6f3
2098,8a5510b8b560536eec42057584a94fcf
2923,c1ce7aac11ab835085a8378898e274fd
2528,a6735509e82eea16171504529381e4c4
3841,fec8453d3e00f4bb94109c7b8f5059ab
59,03d9b79dc54f95ddecd08433e769373d
2472,a218bcd775fc17f493b3c6db67224519
199,0c48f9933b541eca11ca1d49c79de65d
646,2b11a826e4a35c9026f68a135d72be2c
1193,4d91fdba8304b6a8bcf1be2e04ad5c94
2693,b0f9cc93a955b8c8da1da73834970d6d
1652,6cb8b76e93abec52f9cf9ee8634f16de
2685,b06ddc7c51e309fb71a724ef74721325
416,1b3ee41827d043d23cb5bf467d2f50b3
3295,da8d8b4b79004131aaf9f153b3feaa99
396,1947e132f34740a2f75185a7be2c3b15
2276,9664b7b5ff840ea002f25b10deff59f7
64,0438e8f865d64dc2fcaad08781678981
1900,7d2df2b99c1976c8d2edc825caa846cf
2569,a8f8c47c3709d7bdabc583432e078a34
3105,ce1d4473f382c76f97c169d0d3792166
1641,6c15c4b3bb08f39544de2cb7b992b56a
2456,a0f4e5c0b286f51cd3c4cab4352f6647
2141,8d7055f0cc35b15244f142c1f7328aba
2482,a28807a507f9f90ef1da3c9e7d821b8e
2245,944a111c1cb75213c9eeb472c2e0d337
73,04e063713f3bb40f34ae4c2d56af5306
1968,8210c9ae554a4a378c7d42e6e49c5ba5
1467,5fe34744ba0a75a842dd6f63c9dcd935
1256,51ed02ab54de41b22e03ca1df244a674
74,04e760c9ad802cdc555995b76b84659c
2293,970a547eb2329acabce3b6bd0d32432f
284,1238eed14b73988bd5ed9ad1bf0962ed
782,3396b00a72ad23882f01846ec7bbe271
355,1642d1072ed92e0c9202788646f49570
3440,e3880f3fce2f91d7f4b388d3e089bb6f
3319,dc68f9e183f970ce0a26e4b22729abd1
3331,dd5a6c72cd43288f7d2ad24f97d67e03
3154,d18192efe28d90e838332d6cdcf4cead
1926,7f242cc47ccc60cdf9c1d37a1d48f2f4
3780,fb0ed7ed6730acde00cbdf1b1a619d83
1913,7df54b91dc15deaa385a14ad986b5bfa
2952,c3c87c7157c5c458cf3e737d55277559
2450,a08e79289b6794ac7ad385854239e865
2951,c3a0221bc94048b462a2f8dd0ea09f7a
230,0e378da5ac4850c736e6b2f34e622a24
678,2d1143339accc3ab9a688c6540cdb773
3328,dd064521232cb7b972fff1d23891e5e9
1904,7d668516d96015388e5bffad362df5fe
474,1f5c2e60afef8c8be4321db34e34610a
1685,6f09d01931067780fb101f6d626ab371
2852,bd334d6e4f42dbf5c22b9fa3442da9a1
2419,9efbc582a6f802586634b34deb08aa07
1981,8354db9c8762c624cf36b4cff2164c6c
1729,724c345ebd9c7445faee09185fda1b59
1259,522e82bd67170bf41ffaea493b13bb95
2622,ac6203d2909c0b3bf13e22a90aac0ceb
3624,eeebbd09dc34f67c4416e563daa3b8e9
1075,460a560117eabb7077703aa33397dd26
2938,c2dccd21ba97bc2b3e2679458a234e71
1070,4585bf2e6dda22f4233c60f014eb4b0c
3460,e4891e2f34f57f12085475fda2236ff8
3312,db9ae25de7f0f5b93b5a0da112cc3884
2184,90093647886e265990245833e201af5a
3176,d345fafeb20ce1618a7ee948854d72a2
2912,c16c8ebaf61e3c87fabf4f64c9da0e8e
3049,c9a9bee659ca9648107461cd5f34f531
3389,e0d1b26a9ba982e447ff20d7b8d7f3c2
2017,85b123c9cb7e7a211a906fb28dfdcdd3
677,2d0db19572db052557ba905a20996b47
2266,956a3754b4967f9d7ff63e9ade1c5e72
2731,b419ac6139f3b7dc05776c4ec509b663
510,21da9220776c4bdb9670507116d52c92
2932,c25fed7aee2059cfb0d8661ee3ec9166
996,400f19c1398c4dffe54d6c22b6004743
67,04890e9c9092c2c3753564c1daab10b5
31,02745f619680282bad2de4450bc945ab
1333,56d1e455ee2a11d30d2f57fac94ee204
663,2c092de1f8f799810c3f438ac6ff8f7a
315,1428746518c6a1b37a2fec84683df069
2634,ad64591e33d99fecdd030309a7cbf7a7
2783,b86e4296a21abafdda8f6762090935a7
2077,893e3f8b92a783412d84b2a5a0d16b95
1537,6417543e9f321f59a8c3fa3d5bc01cf9
675,2ce9f7a29064f913edbd98da4de34025
3544,e90312c7df1bbad5e0b09904d6d1ed7f
1242,50c4105320926b23c026714ffcb05cc5
2943,c32015077552535e9f83251ba8b91aac
601,280ad1a8ea8a2e93660385a1641dbaa7
1529,63d1929f562b52045d860efc1519064c
2905,c0c6ab4c00f38a3b5b7b88e2dcd39404
1331,56b8e7fcd429650dfd90e6075894701a
2302,97f4491969886d5f34e1c0f4af8e31e6
2438,9fe2076b56e24238db2b7b4df224dca9
3824,fe34e4d1f63e7de50a28d05923cf2d1a
958,3dfcd7c9368f6b074794cb2950e38a33
1234,50727b54da22564d9acc5fed37bb2c07
1604,693595b551f8ff1d1ba1f568c9967b43
1917,7e5b5786acfa264bedbb489bb59607d7
620,297544d98bb567c01b068ab1e5276715
1253,51a24d5cc79f22df984bf6a98a00d884
2295,9736b9e3c11fc0b8853f581f8a16238c
1397,5b2f970a73ced9e6634958b2708fd5f4
2386,9ccc009c359eed11e5cb6f33f532b3f5
2048,87b19cb0c3aca25634f14084125c2f82
1893,7c947a96b64c32b38990809299bfe913
1805,77041f2f4c2363e24833e3fb290d02ea
1824,77ecfb980d3678bf89ba004f2185c564
1887,7c168eeb32789adf56c5724e229e6c4b
1898,7d144fefa384de12adc15405f96a46d3
1276,52e0ddc1122382979e4c824ecd654b97
3068,cbaddef907e3ca66e1cc3151f298d27e
2018,85b3bd6e32e5f6e43adf938f70821b56
3184,d38f577766294e0899130471cfa953b4
1712,707ee3b6e8d4e28b87718953fa5c8a91
847,37ef628ad9551af984f481a05cc7d3a4
1422,5cded35e3a115f30dcf41f8373b00ac6
725,2f9e784f0a146804b22a17755a53a7b1
2550,a7d9f031fe00b520df8e7921abc2aee1
887,3a49880bb00ce7c02b48cfbfa0d9d8b1
1690,6f394b5e74a805be593dda34ef7162e0
2645,adbec6b6ddaf70cdbb03fa12ad1180bc
3001,c6cd87e6755140245127d20ae58e80b6
2270,95e8d906b759ab82d9a9e54382306e1d
2687,b0a021000cfa2b9ac5f94affefcee31e
3338,ddf0d2dd51b8745e1bef0d115afb6e8e
90,05a25b4a4ee611e5ef252fb35429169f
2581,a9a55004add054976a6b4c95fc56e9da
2924,c1d8d6396823877084d27839c8767bd6
657,2ba81f2958654e836486fdc8e777bfe9
143,09274f0b8df7c16d00dd679f16c59b10
973,3ea705f4155974668e9c3ae1386c64e9
1455,5f1032a45a17e2f6644d4bcc569f1690
3128,d0030a1a636cda52f41f1fbb1b36d125
1616,6a1128e4b3a2f488c556feaad6464dae
2546,a7a33a570323c3e8f229397ade90cc1e
183,0b8b38619928bdbc893f65551470d44d
2965,c480b4059ed84f040236931f57900296
2672,afd7b8607feec37465d5e2c9b7c46a07
1947,8078a389a440aec3f19b5d9b462c6a0a
3491,e652f65cfd873c3c447b575667763495
3851,ff8e6d389e77503f1d613bd8a3bc9ff1
2044,8744069718e801371b8412b69c0f3bc8
3579,ebc73dd5ffa7281a3ada2d4219f8f624
1126,4874f690fc1896735b556c3a6f4a36f4
2205,919033a0ebddfd935408cc846dd34f08
1344,577ed32f21e2fb0090854e381ecc1a7c
2118,8b6f9eba359f57eb503bf7bfa4f01e6b
874,398d857faffe51990433cc2648cade50
3818,fd7f60bd75fa26cbcea2581123494f35
2772,b7b7fece5fc36a980dc52a9b0d5f1497
1159,4b4899bddd0452aacf79dfc7f4db6b80
1373,596af0b5be68ef3d288190861889413c
760,31f3102a046471ab199348a061dfee8b
2727,b3d857b31c094b515623deb22e79721a
2406,9e3f2cdb283ed75d81cfd773d7fbc722
1704,7000f67438a910d091aa90f9db243927
2591,aa4c8c514102465d3b08f54d70a21410
3651,f0782228c1c576e90ce20f86693daab8
2916,c19f96e79630d01bdda76df7b2430461
712,2f4b72d5fd9705069ac3b8c431194ff1
1120,48056f19ab9e37c8d9a21a0bce2faf27
404,1a40c8b559e356b79e4f9eb600da8c42
726,2fa1c657ca8d41c13bb9820555c981ea
3569,eb19bed74ba081ecd581b18a1fd767ad
140,08c2b0b07e84302434d78668865362e2
746,3131918b1b4f8db6651f797a39c52753
3313,dbf0d72df0889e049a66bdafee072f83
1460,5f3d2b9a7ab2d6acb6e1cfeeed3db174
864,38f5d0954c7a6620f635c65f3af94b22
3743,f7f7203c96df9a1706f562c27cadc7ce
2538,a70f511179285f72225d0c7307fbba60
735,30659d406eb10910abe5ce36580a1096
3750,f88b85db53cecf50a77aecd4b42e7380
1506,625cd5dc3c1e8dfb135e5882506f0539
62,0425f2ed0e60ddd21ef81cea9cb276e4
948,3d4e4084addf8da28b66b31611f1d2c0
2567,a8df95865b0f0bcd2ae0ff25fc8e8b10
3224,d5bb2cecac2b23d9609fe03669183662
3401,e192e53e5eafec7e158f13eea0f579ac
3696,f32feffa936103bd1e3f72c1f7f24d58
1315,555bd47249925c7c3fbd6a98e10118ff
938,3cd38276355b8274d92189e43f13a1a8
1192,4d90cc5021a7f70095d750929445711e
1068,45402c871888030eeb2bced946ec72ce
2830,bbb73aa6c6f3ca21d9c21d6459ba8b04
1414,5c469dbec2376c5d1ef6fa439419eaa6
381,183b02f21945666628c00e50314a5f4a
2793,b9373e73b7c49440031e6c54d2590d20
1683,6ee4ef32ab3af7a669ce6d5023cede55
2883,bea77efeeece7cedd2687c7b24f25cb2
3673,f14fc291e1f9eaf3feb71c796fa684a0
2214,920f4c94106091e979cb16a7f4d269ab
2432,9f8ad4963ef56f0d229a0a5b72aa50d0
2376,9c4fb3ef4d40a6160e5e7f581df412f0
446,1dc9366ae34efb71e74e31544026e54e
1787,75cbc9b9cb72d942cfa960d92f2397d5
1758,742ed3b85fb797174a36d553cd944d9d
1238,509883f2e37e222961f472bec027925d
3424,e2be40ef063a01a7f4609c8e58b78cab
3193,d413fe93e82b485fb3db7128aa3057a1
2774,b7e77513fac89f28449538f8c5d86cf0
3305,db26d6742860c75a414e04e7c5da4734
2218,929511528694e03bf2020e8f82811f50
3799,fbccd73dcd382f292e8614ee47c1c426
2896,c0227ad5cf781d63ed950cfd279517b7
3527,e85c94547b433a487630f5ef151d5116
3161,d1f57633e62c13f7d1f5b462bbd07dd4
2114,8b445a6c1dc5fc3d3df6bb95ad89883d
3593,ecec5396819dcd5b4d084243a50bc7ef
3156,d1aa3aaf7226d811e9f8027734fe9b95
2367,9bc32141695b48390f501b26ff52f9b8
2165,8f56d5a2bd929358cf92e619f6822a7b
2431,9f81ee01d7fa3a1fd3f70269991bdd56
2022,86118e72c7ff49ff5458c67a634b57aa
1297,5478af2e40fce05c1da1a9c0be3b57ba
2129,8ca0f8dd00809f0ed99fa75b70994e11
1023,4209e2087ddbee47a4091672773ff4eb
3207,d4b360d98c1449ab1c8630ac46dcb126
3400,e18c4c313f7bb71273fd6092dd5365fb
93,05c47c0dd2a964463857123256f02a75
386,189cccb6a7a521e22477a0558ea97ef7
2317,98c77aad186e598ba6c72f6c51f7eaa9
3200,d47ff3630951b71a9fadf21050ebef4c
2508,a4cb093e10745cdd2b7daa262946adac
2902,c0879826927c3ca61b8c0c20731ba3d2
2230,935c1dfc34fd9be019a9d6faa11698f8
3127,cfed9930b51e4a74f159b15123a67537
1756,74093c17cf48ac5170b57996cb7bcbcc
2382,9c87eba466fc46ecc0650db2244aa08f
1581,67415759aca2e80963e055d2dc134a9f
1755,74025f173f5b8f00c7411620cff6b569
2699,b1318bfc4de87cc648098781b002de65
2867,bdf6402894ec238d706172d5b7b14c11
960,3e05b7b48b4911d9786ee6a3bc17d2c4
1472,600a12255e6f04862dd4499a53b67dac
173,0ac169ba6648020dcfe0b0611a82d03c
138,08b1e8aaec3c6fcbf61845e8bb4e5580
2326,99250740acd42240d6f74e97fff34205
118,0782380a150ba7ed482b493277079be0
275,1167057709fbd860b476fe642295d68f
3386,e0c6a86426cb8bcdef33f5ed811cee01
3038,c8dbe296e365163fd64ea2b1c295ec8d
650,2b58b834143a7a986998065627fc7349
1190,4d70dd933b37736c9eed4bb68e276080
2342,9a16c96921cd6fdd8f70e1f6e9d04cf8
622,2992b5f7149b693511c150dc8626f2d3
1990,8440e7ead53eafe11bdff3a2250f55ee
553,245d016e18c48fce47f5695a479fef96
2825,bb77388de86bc77dde0e2bb96c42a54d
1699,6fab53faba5b311825c4610b3662ad1b
3063,caf3db658ee072721b55b8c361039493
1048,4356caa9800a04c1c3c9bc9055939673
2095,8a4bfdb397b256275c1f26d193cb3ecd
1042,42e8a1c57d69ca7e7a48cce21bbc6f77
3850,ff663c5038d11d5651f9c678b18dd994
3768,fa2cc70d8f30a68d97b2a916fa2753ff
2052,8806089f36064344ac04b9d3ecd000c4
533,2361d6a74f0a4e56b8e0e1f569f9e9cd
2254,94a6a895956bb76b37f35a33498b14c7
2296,974ce9e66a8e4c8ad954390298af24e2
1395,5b29b6af07410a1b552265a9b54a069c
2346,9a2f51701edc7cf76e082d22cce38055
3000,c6cd83680aa7c24b9dada27a68292665
2404,9e37897ff8d304c07aa5c821e540328f
3466,e4da419672142cf109163aaab5fbd64b
3112,ce7a70a09ceb8d89bbc123b584da0baf
3573,eb6410dd98856e928a8475f373ed31ea
700,2e39f91095874b9b3d0956f666000e9b
1390,5af8468094c95937ba5dea02b4ecc9ce
3284,d9a0736c16d58a54754a4ef6cd49d371
1811,774359ddb4384739308197b84e854fcf
3210,d4c3bbc86e1c79fc96e908f388bcca69
2028,867b22a97f63c368f0a0fa070f15c81f
2857,bd90a21a9e6ff23b7b55f673fb5b7814
952,3d7e3cffd3bcf7be7e1b1c1148ddb3b7
479,1fa659de6f0bcd2fe3c23ab3cef55c86
1137,4988fac9ac059d7c37b0b1318abb415e
1170,4be744a400433233de1ab37668732940
2269,95bbddf2fc9a511475600883dc46623a
1782,758a3551e41ce99857779e33f252dadc
35,02d917f91fcca2e7c07f77707716fece
2424,9f28f87dbc53aa5e60e4b3e881a8339f
841,37bd04057299ddc569566d66e1cbbf8f
1065,44dbd25bc8e8d058a343a552053161a2
1716,70ef57c0a2fe306133d6230472d8b702
3119,cf2a27fe29bb474b0b351f9705cdccf8
2485,a31f74de97cbcd24821a443bee6becff
757,31d57597a650a570f74f5b5f59f53682
126,07e14b24dd9d9ddf7c71c415f4ad6336
2383,9ca96e54887b9d6bd5419d87ce1ff4ea
1317,55a84cc4f71d50cfe39f60c862ba421e
3855,ffacb9f7787491bb372c5a68db154ac3
692,2dec082a6aa896a2a3700711624ac89c
2422,9f1386aec31f0e00aff0fbc47b0ed004
1524,6393406e91df8fc958f979d36530e969
1931,7f66e47b44c80b9e744f6937207395a2
936,3cbe2bba4d9f7f920f7a2c196a18588d
1116,47fc89deb4c127198bdadf7fafc8c78b
3697,f345401b1d8e5ec7a17da904d7cf875f
974,3eaeb7ca68ee5e3eea495308e5d8aa06
1855,79c6634ba394084babb8c127114be034
2813,bab3c8b9dc536d88a832c270e16de556
3349,dedcc4a82197106d1dbeeee4a425c05a
2387,9cdf6104186e0aeb3f99f9dc90ee884c
2264,956126bd884e21423eac71796f8ece49
3,00311b8c780f6ce64e5445bc1ca909c4
3238,d70c53b6f074ebf6a5a404a69336a08d
1108,476f846532d43101b1cb7ca0b95eaca8
1531,63e15e9c356f4c032f86d6acafcf2d42
829,36b9f9bf95264f71803522f5a6bcbf5f
1326,56a01f5709111b0ead9ef4291fb282bd
3495,e670b52cdb8341d9f74cc7daa646fe0b
1949,80c205c9f5460e783c3ccf025cf9ec2a
661,2bedb5f239df71b9e7b42c7ea0bfc632
2855,bd53ff7dad714e416b054275f553a9ef
3194,d41fe35093dfc818d261d3679ddbe3f1
879,3a052769330ef6e32f29f5216d53e339
414,1b3ab0acfc86a5555c6306a769cb7384
2005,851f69886cb1fb1275324c808eff0684
3318,dc62e4dee87b17d30dd43cfef42a4568
1226,4fcc377b06877fada92cec29eb752aa1
2217,92757cc626bf7a61250092d0290c5159
1102,4720c1fe7d9668aca8f12f305c0c989e
3010,c79cf09b1e819f8f19e5a47e47b9f341
2856,bd778787291242ac4653acbb1ffa78b3
777,33327173318bd1c70b77f5b4241a89c4
1489,61299d35928c4ca2fc79309680fa04ab
1441,5e0fb7ad5b94a04ba16abb9e30775e12
2719,b2f4a0cc420856c27771415fadd7c1b8
3666,f0ea4098c98f928ea9de0be9dbd3a668
434,1cd52fd0004c485e5aea964c08607dd6
2767,b74c3bfedb904d033579926afeaa711a
933,3c636f1c0264c96619deb8968129002a
2066,886a5178095514d3dd4619fa97d0175e
1789,75de3996e676b9f606c98ad43ab38737
2176,8fcd0583b705f0272cfa43cefadb2569
3534,e8a3c579d71f92f966f2cc4476216e63
2106,8ad7c28ddb65f71b4b18a80e8afec624
3246,d774190db53c268cc402577b8bf90435
3015,c7b4864845f38abcac6e29b8807d093c
1550,6516ca33f4a17ffe14cc4e39806e14e2
468,1f46df3ca5a2368e87dd0c1092ec7e5e
3742,f7f57ea5a45368ab71a919578128ee0b
2210,91c28497ac4fed285bce49b8b290c4d4
1287,53e1e3d7876e363d6d167037cd763f99
2435,9fa1e9cd839187e4e67af55476987921
530,2336f0f57322c27ce648439f264e03b1
1383,5a9473869a71504b1f904d72a741d2e3
1767,748e08d5bcae579d359d74e084b040fe
2639,ad7857bb4853982dedb16c637dca6d89
924,3c14d165e899d329de6d3a6ea9eee436
2443,a035e48c191b801af945701594830e3f
635,2a83ed16e19332c24d04bdb194279260
2740,b4d73f54e7145fbfe5402ffdd069e455
3218,d52d7551e755bee09e9c0c555e980bfa
352,162839b1d066d9f56b070e4dadbfce61
2556,a87945333880ca7d6fd2404cfd08aaa5
602,2817028a502b51defe90b8846416d262
1670,6deda87ddd6d70c23af7fca1a87594e6
3399,e1803a60dd52a4c8b8af023ad8c8f921
1010,4147a19f9975a261f8142f363a259349
898,3ad0ffb8b97d036f02f9162e2958d9e1
1240,50a3cfc22c083b599bd6247299f895e2
515,22336078920b997e8c3586f624c3e333
1682,6ee4d60a41573faec62a814efe9005ed
1371,59189712595bb8ea0f318b55f5f49890
2200,91293660592556ad15719dd49e622285
3035,c8cf1ef02bfeaf45780be9e8c8fec9e6
2627,ac9fae107a1bd09e987d2a9bffafcf63
1992,8476f67e90995a35219c14c7ff9a3b0a
982,3f04f72ec47b919e5b43838b98a93ed8
1951,80f757493c62353ebd7cd99f1a72829a
1603,691ecffae67c0eb69088e68a9378f070
3505,e6f6713f272795b8830494e54b4e8f2d
2090,89f68252877b67f0de75c22a23672f6c
1663,6d4d15b4a4def1421754ade81c26f194
1073,45c7417c8e1eae708250932eebd143be
2212,91eb9bf83b84a17b04cbccf7221f0f2a
2996,c690b82499e5cb660591a4ae131b3748
391,18e687fa177414b54c620ca2cba5a944
3836,fe85c563db9d742f9ba91c06488b3576
2244,940b2b77bf6bcac8dc28865b1050b99b
628,29f35a53bcac28daef81c3bc20d17af2
412,1b0ebfaa631be17de72ffc592283e2e7
2542,a776cbb6ab694cf2965fc11d25cf0772
3279,d9564c6365236678e9bc34b784bf0ade
472,1f5aa400f7635ca156780c348fa4620c
1278,52fe8eb5ab4aae2d059399ff4027ad38
3341,de145a97b351057ca3cd913d6d50faf3
362,16eeb832ef039562645436818fb8827c
1413,5c45e21378a9a2abca2546bcb4a9a7be
1993,847930d62468ef4693965af0bb6f3d0a
2725,b3a4aed983126e141885324b0f87652a
3394,e143364d56df44caf6093f6ffc1c6b10
1674,6e30dd9016db8b71afccc2bc838a583b
1650,6cb4ad4e127a64169f3a335acc63fb7d
2233,937682f51d1f7f36bf3b73699a6c295a
3168,d26f4a2b064a6ab9083cae623f0281b2
3756,f92fb0927772cef9f0c36a65b8c7e147
1757,742a510e77ce880dd091ffc937c70c94
305,139fca3689adf7763dfb90fb057210f5
243,0f76256393d484e6d4cfceb46992df6d
2676,affc6685530f1bb373a6a5cb2c432717
445,1db5ed19f261eb499a3fde9b42cfbe2f
931,3c515fd8fe45151fa31ffc70929334e0
1950,80c450e3e0494da5492a1c5e6fab5da6
2625,ac8340f2343c5c955f9df6b730a39c43
1127,4876455fe0d86099b8c395dc41e4529f
320,144beedd72508907cf8f962d36dc80a5
11,00e0f07b7e9e5326202ada80d2b01366
872,396e4be74cc274f6baa57669cdd18d25
3377,e04b1117030b8cdd058cb359ff601711
1000,40bb3f61f89c41341468fb27805e1939
1922,7ea690b6e7f8cd8f4959b5997b9c2d1e
1645,6c470101b65b793ae09e44a3b5f913a1
336,14fcddc8b89ed7024969aab4a38b92bc
1453,5f0a13d5d2c70c64cc868bf73bea4496
2555,a8343fc4d6249a5cb3ea6b951631beb1
426,1c5749aaec58ce6ab07b98a8b10cb541
2510,a4dacb6c986fb22c872db9a879334ba2
2773,b7df9818bae7a01183e1be07d5ee73f3
2859,bda5ec6158fc26bd298f6124d181e773
1409,5c182e56979dbbc038f33a213b4d7091
1103,4738e883c8cd22a18881c4369387bd1e
2764,b6ee5f7a05cff539d6a92e3f0bc2917f
3413,e234ee7385046cdbde6f1924f0338a5b
1783,758b1917afc5e1674ba203c87c003602
3719,f53f5ac9bbcf7e78a1f8ba00aa56cb27
1678,6ec84a7b3fd94349b67c9a18208f7fab
2548,a7d5a4f0abcafeade4757d91a200be9e
2181,8ffa9aee83fdfef21a169c5dcf48b70c
155,09b8f748fcae7bba7bb4aff6216ae402
552,2410c1a303b5772078cc3b216496e203
2947,c382ae2b0cfbb7bca5f2cee1e8637ea5
3761,f9887e176fcef00f39580e07b77bf4f4
34,02c2c3779d1db43c7af41ed00c6e92b6
3709,f460d08fe507ed148c51eb4943d53cf1
689,2dc372ddd7a62abf73cd395da91a42a3
2781,b865d27839853e1d3d831061535b166b
1036,428bb6bd65ec299ef373b2b8289f7ee2
1655,6d01b5d5b77b905e37f357bde681b5ed
563,2534da174157161a7bd26705bcb824d7
2887,bef0033a3ea64755f49d911420957feb
3322,dc9b3822acac8e49a5262e3c2e31b607
3147,d1126d2ed9e270e6fee6c991edbd8512
1011,4152583510d7e672aaf25659abfb4c9b
2315,98c4d7ef3281aa5570aefc6212b4c4ce
200,0c5698d29cce274d0070bf3fa70defef
1642,6c212cdf758e5b8bac62e4a4e85f189a
1597,689a3b0f95d13cbb0b354f0377643b59
1540,642ca05aa17051b7bd1e49795850b875
1636,6bd457988e2f590d20f8a907985b97f7
56,03c3b695cb7ebde4179ad82cea26656d
1346,579b64a2673689abc27e066fbbcfb945
576,262467bcf30be167b303cdf7e358e7c6
753,3189c5151dbc6a8c8ee703356efa14f2
1233,505b12ee453d97aa181ef73d91c75a4d
1628,6b72856150ea7e5a319dbf802aa2c7c8
1566,65efab1373c15ea1d27c85dac783db27
903,3b037cb56efae732787312ce46157a3f
3458,e47ddf7f3a70921d9f4fb07a8a9ec65a
558,24d729f0f4ec86fc0d326d51b74bcded
2123,8bf039a39bd8aaf8dfc111baf41e1b58
2,002900360102f679970f23fff6d2b5f3
2632,ad421e84162a1d8f948024b6d60f26d4
341,15614e272c0217a50285e1a4e8f47067
356,164aa18903407c291f2b0435d52d16fc
3443,e3ac487f4306c19b2d7c7a8837a85574
2163,8f46a620f596b0b673c6b21e8022e78a
330,14cccd286ca1c12f20378aa1c9d0a910
2521,a5a44742e3122eccb5a9b94051c36b60
3648,f04ddc045e730e8ab789c28928921ac4
2530,a68be1fe002f08c6942263a6e82589c4
702,2e868acbd1786a58dc02f9f7b65d6b38
1143,49ecfd540f1323e1a30651d18cea8336
142,0923939f560dc7f341bf5e6191ce15eb
484,20538bcf778434381dcee2eff30db578
1312,553efaad764dbd6750ec00fdcc5e420e
2410,9ec0bee7e7343e6c1830b7f5af4f9e46
1874,7ac25bd3ef26a3bb8d1f3d90db10e899
1434,5da32ca58c5471dbbf23670024741b89
1001,40d24c823eef4266c8fb2485fb630d66
3482,e61810335eddb20e6cd9fbba1dbb9261
2563,a8cc77daa4ea737978a76a3a06467a3b
2143,8da0365ec392a26865e268485ea5a4a7
2215,9224e562f32da8a9e01d53d27d2a67ca
1265,525f32ba3eb520b5eb0a2beafc1b5ba3
2112,8b11ba7d2c699d14f09b6ac37451fc3b
1754,73ff1b3afe956783e1e72b31e85701de
3589,eca100646523ba4970999691e1a4f4ff
2588,aa41c731a70148f7eaa618582d693ace
2160,8f037da5ddb22cb4e38ca5f8153c18e4
1964,81da79fc1810f8f5c863d03fc8f1a073
419,1bcd167edc1c09cd391781a30570abde
2352,9a99c75bf08bfa35aa5942be1b01642f
1475,6012d9b663bb29a6a3e83004c91e349a
2331,996fa7b2ec5b7d4d9ccfc7c44e79b74b
3334,dd89469cbc767387292760108ed0cb8d
3434,e34ec89e1dc770adbfa3015f0d9996a9
2001,84be0bf426a134c231fe46c4a6259140
3310,db76c310cf6e08d8dd882b737dff56b1
853,3868f4ec43b2f7aae312def0aac6542b
3067,cb8c8839ee10c9d629dbfe5bfbe7bd9a
3146,d10c5f840c421c5ec21c3723cb2bf245
1179,4c9f5963243ddf7eb8ba6b786ceb7e56
1254,51cf797331a53fec7ec354a6f5855dcb
2554,a82b5385ca9002cf5a0a98f8a7e4206d
994,3ffbc665dbed51a7d2be4e5557980546
771,329b9b9737fe512f1cb7a6d240f3c16a
1772,74f3dddbc470a986c5918ce0609b3db3
238,0eff6716eefe56a50d04841f2c524bb8
1110,47a0ad627a25debe6b4be43541a0d18f
3774,facbbcf941fd64cce34c715e6e9da43f
3404,e1bb0910fa245d7fa2474edcb33f365b
1958,816a000505a6e1c52085c89f8000aa48
2489,a35cd3229a9f801f59a3e2901284527e
1708,702625aedb85b011ae616f8c76626ec8
1494,61b07bf5a49a5d1aa42d6ab302aada27
3463,e49f6e8f4eb38af6e9d49779aae6d77a
1122,48579b1ea583339a091e36753812f7f3
3391,e10bfcccbc90bf22287150c467aacd51
1967,8206391814de0bb77121338e72bf36ac
2411,9eccd114742a4e82c58e1ec8776f1dd0
277,118cf3e7970de38b9e71e0d883f1dc21
3571,eb320f8fb4a49de9f1024f0b8e1776db
2517,a541a17a664ba19fb8a56b3cd04c1d0a
3330,dd4ff63eea125cb5acb4a7f0a36e951a
1487,60f08b365ae0f7e14e239bfcd85aba91
14,01398efb9207d77820a99caa86b07202
2062,8858a6f17863ca025a4f59a73b7ffdb6
1403,5b9308de2b1953746d0afe8986e785ee
696,2e16af7efc33b3a4b5abd819fa9399ac
477,1f8c1d7af601c8156097dc5873034b92
2140,8d6d4f2ac21df38e3898b59a58390c68
494,20cd1171e9ecdfec2ec04a77dc5c953f
3076,cc410dacf7abda58b7023ebe9f586126
3603,edfcce7db2bc3aae32d708730d5ebbee
768,3259bc40a3f3c1f266348aa02756a6b1
3239,d71077193ec352ee7c7b6f5ca5607cd1
1559,65b312b35070b5fdd47092af9679c978
242,0f7414fc5798e329eb6c1ed136d257b5
513,2210ea3db6e29e3ee7426b37d99cf389
2886,bedf1a0af1486a262b86706e58435b34
1405,5bb11511530a30dd186f6dfbef3ebdba
1482,60a4a2f8cf5eeb465bc88926b9fbf5ce
3356,df1f478e7ae6050360028a93e1b4c9cd
2705,b1b5ef26dfab0a7664324bc9f699236d
3081,ccce921a34d02d22ae3266fda7dec5e8
2920,c1ccc20fc2e1888a5018c94e5d7e75a6
47,0340400dc90f6d867cf99c6cd681e168
1168,4be686f7cba2e3ee46895b999ead23de
1189,4d6761c4f2cb3ddc218487a86e21b4d1
3487,e6328edccbeb4258dc5a8aa482414c15
395,193a81e0f67284f4e04a74381fb438a5
3759,f98391f6e20c98e485fbff9a4e38d71b
2606,ab21d0c30ebd11f10d91b3984e7ceab2
549,23fb1a296e93bd76e7dc61d0f782bd9f
708,2eec57a06c712b8177b8659c1ec5ab69
2211,91d99183c9aca8782c79dafeedf940d3
3382,e0803bd792fa187e0a34519bcc068047
263,10af44675519f6528c778ffcf2b620bc
3266,d8fe21d22677f0efaa3a28d13acd4e31
2307,986ab8c877705dec85d7dd8058629238
2933,c26ee26833c857980e5268454601a896
405,1a4c15cf02b68d4bf4d00d9e05d4f73f
3662,f0c7c1fa90a9a9dd4ed756f13d616bcb
2754,b61d567a6c17d35d542b3164ac3be66b
2353,9abf4c3296c603aa3398c50e23c5b827
2193,90951e7f9bfedd1bba4d1c3c88e03ce2
208,0cc8f3db5c6af4863c396b7e518bfe46
2111,8b090c7022bf406b6178584ff5a34ac7
1691,6f45d9d23f136af73a75679e9cd4abe2
1857,79cbac871a073d85a14eddd2ab0986b7
2051,87f94b6f153fc904d0f5f4459288aa56
1660,6d2434f3a1fcea1d832f25a068c52cd0
1443,5e1aad37ee93b6b95980fecd31393c5a
3656,f0aa94e87b55093ccc1542f556588387
2669,afc8a8c6821b5a2d329a9a5d8a3225c2
3480,e5fa82b5db5ed487145d31a3dc9ddcf8
85,05688c138e378a4d118e521589489beb
3616,ee677442c5371cadf6c1d221c227efd9
3309,db31bf2159138261d55704b223600610
500,212bae1ab7c8f5e6bbbf94eed5547cd3
2418,9ef93eb4698bbfee3ea06e6835c54d75
1412,5c387cf10248fee0884f29fb2fad97d1
797,34e1ed9a1d4d828c3c8dbde5191ac7d5
1348,57c0614f1aa58d63a8501fceaaa8081d
3560,ea806f02313f70deb29b18e70c629bd1
268,10bfd0700f8106022624dfcafa7dd405
2370,9bed3e25d955f463c04c73089df33f11
1196,4da9d13981a77a0440d264fea24756aa
792,3485cb8f08d67f9e250c9417d84b2047
880,3a141130b792da4295c19808eb797af2
3718,f517c891abac6acdb55711700054334c
1546,64cedce9fe6f3770df8218e20d94025b
734,3060c53a1c9b9192940e34f02941c5fd
3133,d02f80b1d52364defccc26b901cbf00e
2498,a41a53c24cb1e6c2f1196d49ff425bb1
1680,6ecf0ea27d391a1ffc977a2671c50eda
206,0cc23c2d8383a9a752be2cf4a9cfe85b
1417,5c5ebcae0543acbdca1832abaee38ef8
1793,761dc77212339aa7f02b1309148bbe80
490,20b9d723fdb86f2321d372c60a2895f6
408,1a8e5e6239cb85fa3df79ce50d606ad9
1605,693c2b79f46c73742aca1268f66468a6
2958,c4208e7d68af7d81dcb43a106d788c3b
2429,9f70331b3995683cad4c11217c7c50b6
377,17c7b7368f0f0050b646813bd13e6faa
3617,ee7c94401931e3af1a35c203e5e3c65c
512,21f37c1f04c5521a45667af6e6db3e73
1005,411753703ddc0f4c596af0cb9b2e4892
134,087a8e69a501943c1fce61355697c8c7
3199,d46f1b99baf07c34b21f30f854e03dbe
269,10ced7275fcab662bc156f032f1c62d9
3745,f84ee111b38a517db3f96ac12337e1c5
2684,b06adcee73f0eb5f94ecaa45279ad76c
233,0e78d594e2e96157097265031f0ff24d
2523,a5b5b7061adc96629cc7587406d4677e
3598,ed9c759c3d23a8382e676d6353b97a8f
3668,f10143b1de21153f704cc38b3c370406
232,0e7888220553627c196d411b9e6ca97f
2566,a8d0c833bcb7d9c3cc628c2a14d44660
3804,fc501ccfd586599a86277af44f477f45
810,35a6b5758745a2fdc708ed25dea94d93
1552,6519b6c7a9f55778c73c209fb119aa09
2992,c66b723b92ad7dbc0294a83d53f3ae64
861,38db0629536271e0ebb7194c0782a10d
2816,baf401a5089a3c6a85a7e0a37e9bffa3
1675,6e6c370a91d264ac01b9fdce0c01ca0f
2318,98de0d3cfd693a73e93903847eb768f9
1804,7702a3919734d202c43feb6f4e02abd2
2137,8d3fdd7b2db8bc0169926dc6be68669f
951,3d5716c375c4bda0a7bca3ee11a6681f
1352,58271dbf4367cf3cd8c5fbab16a2f6b7
2761,b6982a7ce32a1481ad52e0ea756f533e
1773,7508b135cc6abbd01c82c115d1b2f44d
3209,d4b73f3948144071f7fe1d162190d832
2993,c67396409bac37bded8473679c49f148
1366,58da42c4a4e687e4aab9d5593f8908bb
329,14c2bc46dc88f60faa0afac817ab36b5
932,3c5b88727f939ba169b339b052a13a07
3003,c6f766f0663f5ac9257230f8bd0249f7
812,35c0ddeb886b1b9dc824c11bd994acac
197,0c311d114fc0fe394e299dbb624a4e0c
2565,a8d0836cb67622285a4860e6e170afd3
2025,8654be856ff34567b190c1800bc527f2
3166,d252ebb17eb1c529a4b1f6aa4c57eee9
2345,9a20ccb04b2d2fa897fea34afc7d8d83
1794,7626b559688c5dcc3acce61ff8e3d4b6
1595,686c013b0e7bc5f64dac52c271afe717
2390,9cee9d6956c2bc729f792cf54aaaa561
1454,5f0a916fd005fcb1fe6d3e2c83bd2e21
63,042e3aea776c93a6a28e470241742974
2008,85600a4fb2cd1db011f166b06d50e282
250,0fc511f8e3f7975a9ed3bb0da3971647
274,1151c86ad0f07b23a61b658179162e8d
354,163abc4dfe0e01f86489d6bfa491cddd
1867,7a6c48e01cef3d1b4acfcd868e199c61
3619,eeb9adf17f7fd55b1a37334d3b8d7f31
3077,cc5569fe0975949f0286c852809b5aa1
627,29f224b27ca6113649973c8d57b64abb
3045,c9672c5609de152bd6a53cd417baf60b
977,3ed246ba2516982fc9e1e35434fe10e9
3343,de21b89a6e0022d366551178bd241891
2895,c0191da32c1a6b1bc0f4aa557acd60de
2756,b65335687a7882636b8152b7a9ee156c
3134,d038b0819c8671537e8bcb77ba54cc5e
32,028e9e74970797318d6e84d9a695cf62
2063,885b686d5c1e3a8f2b1d6b83b946734a
1209,4eb5da211597cd0eb40688a122b33b12
1269,5295db56448172cbd225e21f69057441
3764,f9adb4987ecb3ccea36d335eac306605
1568,662402e7b34c7ab58e6d4af9c4c22b95
1976,82d8a7fbda6945f44ec8fc385742f55d
1086,4687694a05a74b65fe87d9ab15e13668
2124,8bffca83cd2e3cbe49000e020c0dd831
3106,ce23f7d70c184341befb3f27b0d1aac7
1204,4e360fddb36e0398d4dae2c543cdd455
1592,6848344087ec3523c42308fcb6aa7a07
13,01238a1ddd19ecfcd672405639e0e6cf
3663,f0ca944e1de9302bfeb9e886495f3743
1668,6dc0449416b83a12b7548cea128ea423
3108,ce4816a0acc81d913ae0b179e83bb384
3103,cdd7ff3b2225912c9bba299806046ec9
86,0578d2875977930dedad3ba197f5c354
1381,5a6b1ae2da9d03a5695e036d5884362b
633,2a6b1899709ae99d5c1b67a913e1001c
3113,ce91ea70bb16bf89164651f3bb4d5d0a
3173,d2fc96d7d84f8e1403279080f7e154db
1580,671c831b8445e4cb45ac9b77b325a623
1060,44cdc05b3168d8f8be5cbb22a49c4319
2618,ac09eba65017047a8d80506b225e6a7b
598,27cf475f0de648872581f590bee640dd
2122,8bccbd506d7cfa230441220892b620d9
1131,48de5630dbde0e6a75509065f0ea8df6
2846,bcee4214314d2da8db0db2d097fe7bcf
1530,63de05fb6969f472ab3009f970734910
489,209081029812fb0b4b4e519f24a09d5e
2910,c14f447b10df4b671dd26ca555b52b3d
717,2f7223f4a1d60033e63c4ee6080ed1fd
2030,86819605170924e9096f7ce62d9a0abd
1719,714a7cc0f5787ac797b087b28ae28f07
2988,c5eade1d10035d8d4ba1fa1eb4807a37
123,07d072d453ebd0e3b711a0a1d86bf39b
1776,7524dcfa96d45ab3af939ddd9c71f5bc
3572,eb3416c12cd84c75000bd9a8b71fac67
1952,80f833c333072bf2e1e80cc979a46cd9
749,3170ba1396213ca3356712ea71b84295
3512,e77b124ecb76dd930a9737d8ae2dc190
1953,81104e5216a035190001111f22e31fed
3258,d8a1593238bcce86d13a6c4fcd1cabd7
2414,9eebb1a70e59a4632efe06160fe95e97
1232,501f86c03ab97e05e27e8362886cda44
2069,886f16fbd194882932246c49d2fdb58b
969,3e6e0990f26c8f1bb3c72bfca3b62cf9
1826,78122a11cab80a879c71ca4d05d76cb2
3810,fcd635cd6033955ae3df6b5ae1276dbc
1092,46d50b709d08b57a2a96a6109b43ade7
3605,ee21a40929bbf02c07c8a4574095d233
616,29094e0dcc11cd5b5ca63072282cc8c7
3530,e887e06fa98e02d31f80847d05853458
394,192b445680ba3480192736bd54117541
251,0fef76f82dd9f12a4a4474e01c8c600b
1027,4237dbdb4d3d43d86d08642f72c35855
1929,7f40857fecda0e74b012d8b7596dbaa1
3062,caadcac4483c2062151f42893460c130
2806,ba303a70864c7824a4a6a0412c0c9033
3654,f0970393aca0c2671772bf1a520546e7
3833,fe7bf5cc914bf6c0d0816d773f3232e5
2998,c6b40417a43f1fc994f5827471315369
964,3e3797e42b9af5f07decb3a3f52c3322
1695,6f8e37490b0811ab33f2d8263fd36293
1969,8217eb262323d462810384ade79492ce
2032,869aa064df89031d2c902fa45859d897
2046,8763b74f9c7b7bf314fe02c2da6fd740
3054,c9d7d97c1787c145e15ddd89196c114f
1921,7e9f6d9e6168d5143f527a828f10bd1a
3653,f096079ff36d9e859e1d8c3279b3f88a
2002,84d0f2ab029c032662cb9d81eda3ac04
3350,dee0edb4a38a6d74f92eef2bd272db1c
92,05c0eaad641d74ca0bc26e3123f07986
664,2c49a531d128dabe0cfb5d43122b5185
908,3b402f1a88718580e364ef8ec9882a66
679,2d2cf3a79b742ec76c6ee378b67c44b0
3421,e27bf3061d231e158ef61bd8b17728c8
3803,fc4c114aa0b2421d43287a44444e68e6
333,14ed234bec0873f775df61dbb8a2105e
3476,e56b6fb7e023342a90d1eaed8a7f7f9e
536,2383eb19b11c0d983a723dab14812575
2598,aa9cc7a1a0b13a280ebe93a439a0e39e
2815,bae1eadbd08f46e67beb8b5201ac6fda
3510,e7592bbd7f9545cefae699fb687b76f1
3428,e30344ecb96fbe267c704cfc994374e3
2209,91bd6bf877a73c6fe37491db12bfc2b0
3474,e569f81bb8643b0ce7dddea5b16ccb94
3273,d935463546eb5bdafd74b85fa30163c7
2256,94bd71ff8b3cb126a36638b5ce8e3dbf
1335,56e53c6a428c191096b2d3bb30c66b8e
2680,b02dfd4f535d2a44252f32fc55d5c677
3294,da8d5e1b2cc0c1febccb6d148ef30501
2300,97d271a59c56ed3d58dcc5bdd4dee90f
2743,b4f94048c56e436c94976accba231eb3
57,03c3c309a8dd3c9bf3ea5cf011ed4de7
1847,7977667b27b8729e26c72e9ab946ea21
3243,d72988d85cc85812553d6d3de32fcd7f
1100,47194e03e97bd69fc1918d4544b3050c
3611,ee45e5e9a0d339d9edf8607d2a4fd772
2324,99094228423b10159ee3b40214e0e2b9
906,3b26f35e20fd98b077ca57a08d7c929a
2882,bea189b164954cbba7c547e262ada5de
2285,96d799857c16835d90dc1b7aebbc0d2c
2877,be7c3d36aba959aa5751c24af0d65a5a
3407,e1d4ed7987a736bbdd15f60d75011840
2470,a1f40bd8747b9c95bc65f369b69e9228
2819,bb29778ac392164ed5d7c6b15f8ae2ad
1763,744f09802561938f8b0afca2b5e17d3d
1363,58c395fe0ec25f4aa6c53def28a67bba
1717,710e0bb686d70905875733846785be56
1740,72ca3976ed470d8272fadf386c253d0a
3208,d4b7394ac9740f53f776b791b90d31df
733,302a5787fe9d0f1a1ae2af75c2d6c016
1923,7eb481a437a9e7f2e94edbc49be4c68b
2961,c44ed42e988baa6587f56cf0b8878dcc
2448,a07421af0c686d1354017b0af98e18f3
3098,cdb3910e4ceed3a8bc87304266dda758
1577,66f55cbc050752f6e9b22990e47937db
3251,d82c7bc9582f3d54470b342a8eaa1aaa
3383,e0880c513cea371298e702120276f6ab
1894,7ca56d7e5940d7441cdb4a9439152e86
3187,d3c903d019dd78e2ab572eeaf14abddc
2219,92b1c75dd657a12518a1be0df8a474c2
2826,bb9bbc6aa9ec431f307a5b6dba24f8f4
1743,7331ef6b4f6a0c60128f49ed5a610d40
125,07d9c099471f5bb79cf899e319dc7889
30,025db04c4e6baef10be523b967857834
3541,e8c607e4b96a817128a31568f26e82c2
1809,7734d18c3ceea74a1997cb70871075a1
1072,45adc91533b9a6eb2361f7711eb90c27
1138,49906b3c259f9986eb4b1541ff0a9376
978,3eda33b60662fc461586ccbd4ffb9193
3637,efa9f3bf3c95d9f6a556e86626949b26
647,2b395168f445362c3779d816fd88f343
1496,61d340ccc5b420c20b938a7d61472946
2573,a93350cc9bbb8dc0bf80af8db33e5f0d
3365,df6d3ad91e32974504cd312d9254ba70
1617,6a61437aa8e36679e3fe8b415ceed512
781,337b0d64f24f74806b6bd1ba9cb3ef1e
3302,db0a9d4cd484c30ca7953bf1d2599670
3587,ec891b04ec8f81f7728dca6fc9db5f76
3242,d71f7f2882e94d7b083e78b2979e03fe
1821,77c79706067d05f6e545158321e2cb89
871,3963f4864e4ac95f1072d0468a210cc8
3426,e2f59e6baf0589d0a8eb3a9b0f5c9993
883,3a341a4a0780ddf0e0d6fc3b03607423
382,184e80b5d05adc8b65a38d2d0b1f827c
2389,9ce87a69bfd95941d75e5c502fae491a
1419,5c904f8931e0bdeae6140687b0ed0440
2499,a43444a17b5c6d8f3065cef869142874
39,030cc99ccd0921cfb9235ed77f33ad50
1848,7982942c474754bd047108e7c051e28f
2146,8e0aa3ad111e8d0e10ee19cd6a55b2c8
3832,fe66dcecfb764ed59b7a413c536629bb
2752,b60b8a4c1e9e3997d3584302861b8a0f
2449,a08de6809af251991c5f41ada633bdc8
3290,da18c1df33a638da51446015dba69a0c
919,3bdccd9e7c0290fadfc0780a49bb3ad8
15,015377df50db221dd0bdcce60bd4849d
258,104a9160beca46accf2d8f307ea94170
2892,bf9c805f5886e1009f9902c20d1796aa
656,2b9736d6bd1b6fd0bcf2acb1cdb319d3
3172,d2f76f89e164b21754d3f0fc39f7262d
3278,d953561305f223d238f36bb7e120bb36
2985,c5a88c3d5f1da4b6068ef3cd3015639f
2643,ad93d83b466f7fe6dfc6b7e309db67e6
1050,438b2ecca9ad2f8f2130f4644661c461
2208,91b383ed711a9bc8e8953fe0ca9dbf20
3840,fea4fdab9795f424724a4f40e7c80294
531,23370409bdffab9e5b8a98b96befbe9f
3801,fc1f60f6ea22be2712be67be9ef51a76
761,31f837c2fcadae466988f0da1b0fe563
1464,5fc5e3ab4f4e8ca0fd8cfc9d7f2d9b3b
3024,c81062aebcbef6a32ff3456169c653a0
3186,d3ac7cbf6909b74ca16bb30363f0ac7c
1899,7d21ec2eaa20989bb38e18a8318fedc3
1098,46fe20549444cf41d78b5b5d58af90ea
3028,c856203f6ade2997e58792c4ab94e019
775,32d6c06d0714c46359ead3cc1e44bfc2
2297,97607612c0676e3bbc8629514c83a16c
2145,8df7d944c44efd95e38435ade685bae1
3139,d08ad2abf584533aac4c675edf59389b
1774,7520204e0b492ce59e9708d170d88be9
3469,e526c94f8f1e3fac86798ff7e20ddadc
3498,e6815e0c718472b29d7c45fefb1090c1
1448,5ee00979e843e28abc64793febbb0305
1828,7832396e5ca0a5e0267247f06becf5c5
3721,f5ade62f542205f8a2dd580896ee6d83
580,26677dfad224502347a6492c8385fa6e
3814,fd10ace1df9ee48d29dbad7c3ec561e0
1854,79af1174dcbe453f367ada343671142b
3250,d7dca89a8d5eedbbff679f440d0586f8
3115,cecdb7f68ba95e8b9852115df6478a4a
2108,8aed461de984d02550ef806a94a2fd4e
3485,e62a764d9c45886e5bb19c27380a92bc
2713,b2563c8738988d7d2624b0b3616a8aa5
2737,b488c3e32a00a39c1e5814d211e82c06
2473,a22302cb91f98ad9621c195e7262a8eb
334,14f003e323b6aad044dff78d30f36271
3171,d2d4db11d2e1790f0823f6ffcaa5c9da
1136,49873351c6d16b1dd51a900ab6a67bb7
2321,98e2494e1bc426ea2dec8d0ae3ed7d59
916,3ba09a3b6dba21550f2d2bf9beb8f794
196,0c2f83aae285d75b49df160c3fa2c08b
607,283b82902e7c93f46a5726ee44795234
1621,6ae0d4369fda1ff5adcb460dec87cbea
3212,d4efd674633a4a8f47a895fdd82c717f
266,10b7e916ca2337ac11f834ce90e2cd22
1623,6b198d15d8451dd96a7849fbc4737391
713,2f56fef401e2140869f11c3912062a6f
863,38ec86ab31a06b8e4f19bd0c5016180d
231,0e49c8796e9ba94a1e22a1ea381fca85
3148,d132a6b4048f55dd98772a28b8381da6
3336,ddb9e18626ac73787d778223d2edbeda
2187,901bd2971bcbb2ebb18e44296c28061b
1484,60b8a81973dacfff967f53e16d0dafb5
496,20ee3ab5af9548975066ca65949c166c
1853,79a7b737f00eb90e416ec16939c540d7
1497,620854ee3725b85d6aa173a12a9d87f0
3535,e8b0a7ed9eec91547aa16cde213f0c90
3494,e65d80e287b89933233f763b3981fb81
205,0cb218542d295b6b7cbfa5c6843f3aba
2277,966dbf556781a3e2793a230bd2bb7991
2677,b00e33c3850dee731d2e43a8941182b6
2373,9c21efc0f83d542df4f8dd92438bdf5b
1082,4652d6f39b5f0609212e4971181b8f3c
3245,d7409b7ec65765a3e6fbb7451411d696
582,26d3bb657af95dffba4b04ef8b4b7e3d
313,1408c9d170d355b17f615426fdbbec95
1527,63bc0deefa7a74b0d6d5ccd58612d87b
545,23e323605e70bb282211b3aba6811a98
899,3ae0bca9e647173a7c869c0ef0ec5a94
348,15fe682608f9e5c85531029edce23782
1539,6427c6b4ee0f4d6b2ae0f223e7748afc
384,1876698fe731f5ee399ecf68f9ee1271
301,133e69c85e6b80a40871abadc56192c1
3766,f9e0d030e84c32b30b5053ee222ef241
415,1b3b93e97ef09971dd621051b07e7207
1299,549719ce4b77223bf0e1e815e529a1f7
3748,f870a10e09ef63ffbd3bdc03255aeede
470,1f577cc50a82b1f1bbb847dcf44fcfa1
2268,95a3439d453b3dae15cc854438f68216
636,2aa2b64d12872b8db4696b2e2faa9f75
2917,c1a7469db0387d5dcc31d440e44edeaa
1059,44b46dacda24ec98defba3469dbd8f53
3847,ff32a961362499001273e489e79ded92
1119,4803803675be789a1d0340caad592e5b
440,1d3d1e94d1e44d54ab50de71540d1d53
464,1f0d57798456ba0691ca09dc497bc23c
3095,cd76b2a04d58412b36f9ff4a00df40b9
1030,426e979ce80ee0f3d52c0b10e4d724aa
3642,efe95a9806029849bdbcfc9f7d1c73e9
2904,c0b0a6e1111cbdab707c2929353b6663
72,04db1b3e31167d5c7405b6254f8de839
246,0fa860964434fa63f76a6e07a2d6792f
1801,76d0b6b31764ab4b98eeb207205cb643
88,05915151032a07d63e3a57c2920c618e
80,05405dfec6c531269d645effb0860052
3578,ebbc5d793c7442751ccc3be0cf49d1b7
152,09a1a01b7c6889d288d17a368eb49976
1356,58556321143127b2ff389b046ad634ae
2183,9000128630f1c80fe14fc3987a168569
1611,6994ea7eaaebfeb851516197e84627b1
1408,5c0d11fedf1337ab700c1632cec35afb
2621,ac25aca77c802e2c2c2dd5d1e94ef395
3828,fe4f9b1b03d0ece23f89ee46ac1fcb7d
2320,98e218bb75fbe2dad4721b5a8d68fadc
822,365308278ad93e4404ef0e302fe1781c
1063,44d4df61338c600f6ac6866eb5f57e63
428,1ca9900bd42d2dd8c0cde0f966b1d346
121,07b3de72fd6fe8eefcadb469185ffbbc
3249,d7ce7270f00f39490318542b2dd7d296
814,35ca03944e9327c8ee70719634c7183e
3641,efe94fa5078234fc3c22d94146d2c889
3346,de5ab24da357f70f1fed56d9dd75fc98
98,0656bec595d97a8843b340f36dd2e4bc
2914,c1740b8c60fa6cb493eb29ad63890f6b
1461,5f7d99b763e5c8f813a168393f46f798
3622,eed586d00c9a98a240da5a3ebaa2797a
2723,b3755f69c7b8873b94c53af00edf5d7b
1215,4f2c06ace57578c060d52445fe7fff1e
1733,72877df6433decdb44aebedf1c2fb27e
3215,d51023549bb7d57eee7ac34ad0265090
3511,e75d9685e78434a43229fc0c099ea58c
2061,883de8521971a086017ae7393186f1c6
3005,c756bbca83b1ede88271a25563f60190
2594,aa61110ad3baed6cf8261b86784ac51c
3634,ef8fe4eb36a0376672657a537280138e
393,1920d96623ae12ed3008008f4e86ca3e
3363,df4bbcd94b48f99eda311f3de53a3d97
2471,a2040ec0ceeae043ab19d5380c16676e
3332,dd687162a2876067c51ccacb7a448f84
2562,a8b66f255f4fe30233b591abfb6d7ce7
2532,a6a064883e020b5bed04098673161c5b
422,1c1739b5799cec043ac115a26e09376a
1109,47731f805050e2d7563c1fae81bbbd25
2311,989664d215666db5d0dd5232859b6212
3327,dcfb6fb73b1ae0299b183ad5f5342548
2572,a91159d9312bf49a2ea5f6a4c23fd9dd
3013,c7ae9cbcb979847a22fbbef1723da8d6
42,031cecc9a9c11fc416566bca63e09349
3812,fcecf41fda9b8b760351731610c80e0e
1342,575afd02a3ae8931977aa5edd10b3618
1879,7b6b330ebefac7b62cefcfa52c1a4fc0
2884,bea949c6cf5d4dd4ae65acb0e8a94ea4
3153,d161a3ec648669112cbd1b3cee42e117
476,1f66d449ed76e7ee751df3c84af2d5f8
308,13f0d8aa04a0847f351f78087ab404c9
132,08504fa3b4dbff1e7650607505262f1a
128,0803db8c43bb5ad5c3f7f715ef0b4f91
1318,55bab884c22261e24a721979229ad26a
2501,a45228ff1c1f885d9194492badfdbc2a
3393,e129ad0aa28b4e726167f418f0e9159c
1328,56b1677b03fed852e42e64da0cf6ae40
2695,b10a77ed0dd1f9f44ca0c46f5c0c4b5f
3820,fdb09d3723b7910e823bcf6a5d3ce94c
3371,dfdc98931907eb71701273014d559729
457,1eb5a094d8289279d8913068fc046fd5
3311,db84987b5e5c4fd12a51ece1d743401d
2817,bafc54ae3c1bad953f7fc3b2fdaf520e
1635,6bb4fd06420b8946d964f490b36efa16
53,0399ea70857125e6aa9f1264e0e081d0
273,1111e0fec72fd4d9b38ee76498a329ac
1571,668ccb3905e6be5b1db0abd76eb8e74e
1431,5d6a72f72ffbdb50dd43d47bb791633a
654,2b91ea301e3f1d6739c33f24cf5f9849
1572,66965a67c22976f628538a54df7ccdaa
2568,a8f8331aff83dc7bc589370aff4f80dc
2666,af9e0a463853c238e984ae2c1faa5387
1897,7d036fe14d1e848f6777a3133f345a6d
292,1286db57bc6b5d7dfff88ec9323e0f04
2488,a35960a8744a62ff0d099c3b47d3804b
1957,815b6f5744200b112ef3f320c9a04034
3138,d07da7fc16bfb6678704165e7c246fd3
642,2ae58a947a33fe6213dc3584feb3d7a5
144,09287c6bdf12f4e616a497048d8f1844
3843,fee21d536e682ef702c92427d03f6884
3301,db088654c78318b22d565cf4740c69ef
1565,65eca49b351e0437337d562b1d4706ce
987,3f6047d525da4f780c6538e9a635fc7c
3661,f0c64e676b01345172c9ad82393e6339
527,230cbd56d623c9e8294db6f0b29ac6d6
3323,dcafbb1fdb489ecc6e875f190acb0229
2453,a0a3a92b22b9b72c457353e4cbb967c5
2549,a7d81aeb15bd5dab9270e242121ee434
2349,9a6960cfeeb1d3981cba78aae79675dc
3190,d3f7a8419a8d873c8c4b2781c63f8276
3196,d45e26502fc8b4b5e10944229f84499a
3012,c7a70e852ebd0cb8c7856f9ec408f457
1766,74801560544787292a120705bc87e7f2
2166,8f5932c7353dd85fa306869b3ff902b0
1866,7a4d827eb9f34be3afd20d8de32c1525
1689,6f27e021721df26f3c810280daa61477
1759,743075e88abaf4b8aaa273ff93851e9f
845,37e639a660339379ce24ddc1fcab7902
2322,98eb525cf3e06e9c9729be2184fb17e7
3084,cd27aafa4a6fcb47cbb2ace197cda6c3
3594,ed289e0399d76bad51217c0e55a74941
856,388ba07db6f038c98d95cd065d6a305f
985,3f30ebe8387ec6461b144248d3216627
1470,5ff3a0d0de3ea3a70940fe11f1ea58ee
2836,bc43e91a1c4e6dc54e93186e78c38830
1255,51d3d730b604813e9ed2820cd277d863
1640,6c136f4b64893c1e5b3f840fbc472492
1538,6417b5cee5fe14155f68766c9a3e0e52
1831,784343270858fd9cb6964d0be5496a3b
750,3180d6064c6e91d22cf8c7583719534d
1406,5bb58798eaf897329602597066e71ece
763,320866f91357e0895fcd7c8a819d38d7
3726,f6b4650fdfb184270b5999ef8037491c
471,1f5aa192ad1ffc085f849492df9fdabc
3131,d0122ee072d3371bf16fb32e3d217d92
3547,e966ca3582dba1c0158a484cc6cf2b7e
2444,a03c2790db45731cf989476ff3ccda84
1402,5b7afd29f89029a072f3de468aec2ea1
1498,620e2ac8fb6275f2ebe483c23a7e3a86
672,2cc8541769db387dbe1ff5ff6cdc83f7
1762,744d88805bbd200a10d93171864c2aa5
2393,9d647c0267ce4b66f530bbc7640684ce
3433,e32daf7ec1d3cd374753a24bb3930d25
2907,c0eed40155918112a7c4e7656f478427
60,04075544154f61750c70776f2188a859
2978,c54fdbceba3d823ae46738863b6cf085
2380,9c7e947ba4591db527899123e57e498e
1155,4af90d6ed698c43f64e6ebb9ba7e09b7
2194,90cd596e9a8756be6f3ba20b2ce43383
1745,734865c072e69f0d9cc1f7fa5f83af3b
2221,92d02c2e56e85ac5e25c6e0ed7ed0888
2624,ac7e980bd6ee27e21280cecb89690cff
1066,44e08fd8c593193d1d34700307dcb936
1237,5088c56021e62c07658e40da1b411ba3
662,2c0215558006f8d9e30e35aeeb274f67
836,3765b1ee80c5fbe8b6ccfb56d01b4d09
3755,f9267c155592c7244ae58e9c986ea3df
2595,aa6a688142a66e8e99e41e20d8e14e3e
946,3d3893e4d605349553c5e11e4f14c37c
1423,5cfa5ced6b042cdc48ac4f43a15ae4ba
528,231cce69b56a37c84b5a4ac19f92c8fe
1459,5f25d697def85d8c3bc65bcce2b1474c
3647,f04c5ab4f0987fe34a4cc97e438bc51d
2072,88ccf20ab2c8da7693cfdea3dc26e161
3370,dfb6e1cea694ffe2a2451423d08fabf8
3032,c8a704082efcf6551d582c70f623c263
221,0dca87c3846691784f09f1cb7a40675a
2133,8cda1e0f395c9c440a61263c5061f595
1665,6d8b3cf56133a35ace9bf198c9690804
203,0c88e1191adee64e7fafabc0a6ced7ba
555,249ac5013856137af13996de47affe1f
184,0b8b4176658d197788bdb398a11320c4
1203,4e24b3ca2c91ce6195361f9abae9b510
3197,d45fec761b84c2bad1d50094c8396885
1954,812e1579b9beba1041eea8385f72fa75
2590,aa45ea202e7097a993c721eec879eebe
99,0676718f195e33e2c4d8bf84fe4d9c2f
517,226eb9eda9cee7087b78b3ed57d00bd6
1142,49d3f957db0e6cf7dc2dcd8b2e3dce02
3281,d976b1934d9ac3ad77ea15bc1841bb93
1173,4c1625697b631bbb4ad12517fa99b8b0
2023,862c04d7de4c15ccfa2a735c6aa8dd84
2503,a482db7c7e158aae93f32149eb25b803
2113,8b18d3f7b97ae3487bd03d3e2a539a44
1543,64abe4415eff0c02d9f640d28d70cd29
2365,9bb33caef0d80f7e6814b7b3c40d22a7
3471,e5598715fb3aa3d990e7dd92d4bdec0a
403,1a161feb53a6bfd061fd8a98dc00e659
762,31f9c9aa3fa96ee43bdd6f83ebd4e2c3
774,32c9dd1c221ca8b951e43e8a753f8b20
2179,8fe9cbb833f16941099e505e37bb8a72
3027,c8527a778d34f3d0c319245a7454220c
3548,e96d64fc807138be48befbec872d485e
629,29f4d1f8ee38125a0bdc3f0c8346cc9b
2749,b5ccd86d9594a87de173a481e7ebd870
3557,ea67d5fa535086c4bf019deca629121e
3517,e7cce36e77459ba717a2241d426315d2
1996,8482965c55fb98c5b861b3ade8c89a09
3630,ef5e82c724002f57620e568665325341
214,0d3dd33efefebf526f6509826657ad47
444,1dab49167a5380d0af6335e3e489dff6
253,100b2db1747beb7c4ee616e710c0a94a
209,0cdb114d15e55ebbe26c2c21cd20e875
1541,643287ce2aba44ab97fe0b1db568459d
331,14deac79d48b8a563bfb0481ec7cf359
2157,8eecd5d407b013861c496e42f486cbbf
3257,d86f79d84327f2b36d5b065ad9cf15e8
722,2f926e660efd9f826f0339f522cab4e1
1971,82287222bedfbd239d45d035a5507086
1121,48450f4eff68e046f930fe74ae082a12
837,37830ba9f984a4b2b0dbf020cde2cd23
605,28283829342ad7df27820c4cafa69b81
507,21d52def5bbb836c3fb675f4fc17badd
3195,d4221cc8daa53e47fb0f1f0ef3658f93
3364,df500090dfc64ad293e4665ad7ac9e85
583,26d5ca0aaaa242ca5a06239a3c0274ad
809,359149b068600ff14e582b39bbc12668
2803,b9ba63b110de677c85181b3619481f4f
103,068f3582212d55d5780de49c461ba2d6
1291,53fdf956ccd36bf828adcc62e307f7b9
1849,7989796cef127d481ba838d05b54edb6
2911,c1672efe503ad628ef89c89c6fa7b924
262,108dd0e360d1a0842c7f93c7778496e4
358,165eb9683139ea14744c25d6bf8d4599
3087,cd3c257a58535b87105e506d6c0ec486
2013,8578d9a5d5155aecea1d42097cf21e8f
3228,d644d5b4f6d2f816d2d1031ea547eee6
3170,d2bc35958c41d67905fb8cd178bd9b16
3043,c922fa5cc4702b6d51217137fa6a0341
2679,b028ab9f3946f761c422b5a2ee2d2338
3765,f9b40bc44bca15db531203e991fa0333
1637,6bd6f0a65ee0ffa2632418d4574c2447
690,2ddcfabffc397a02b4219fdef420fc6a
1928,7f3dd2a1cd5a68b944f68c5eb6daa236
947,3d4366cb7938ec7e0e1fb0f63f9fe7f1
2863,bdd4a6679a0a9f2ec0f5895a0156c2b1
3444,e3c4a31a007bcbdd0b69a8450f3ed59b
3691,f308310bec73b6af3c7fab5cbe123e7b
1876,7ad4fed7c547dc81bf22d13def022b1e
1201,4e0f068b74343ee86856780d46d6efa7
1803,77015159eee862be14c6620da2e6dc65
1261,52362ed87f7000abf516735cd43fdb1b
2204,9188d7facda239d0fa8f36768442916e
3292,da6c7760b72302ff6bb5a5a7926def7e
55,03b8b2b81c3e22fade609137bba4911f
1528,63c7d354aee0e0433b5a86650c61a285
3543,e8f679eeb66cfdb0e5dfb1f4a6fa6399
3623,eee439b8691ca75c71640355c47816b6
1171,4be86eb97d2bbe9890064d979226ce80
2533,a6bc25dca8d83f9695538a23227b2a1f
1039,42c6eed8ed53925f98a4006733b61421
2067,886bef210264489b35803512917edf7c
3632,ef79206d4ddcf2b4badc23000509748e
2003,84ee903096fddcf4a02b9601c222b2b5
619,2931c685e7400474da0c9e8fac1efc2d
2512,a50fad7d37ebc50f33ae9459913d2dd6
2686,b07a628dbe6ecb6830df10249aa8f4ba
719,2f77be55ccb697938c89b2367aeca344
508,21d7dad4c31124e0467fb1b29e21c49f
1090,46b75f8bccde6c039b75cf2602730633
943,3d28205dee584fa72018cca1ab2da7bf
3185,d39f69d235fde9a9b88b89d57a015012
2991,c663357ec1c00a8226d479f11833bff8
986,3f36c22228180ef5c97a3355561301a6
29,02597013e1c85c3afd44fe2d54a6893c
2203,91869d8cef53e29dc15beec92e5f05bd
3287,d9d3231d520389edb9e3d7aa490fa03b
920,3be203d6e5a9692ab5df703df8ca769c
101,06842eccb33d0d5af107d0e75bdb228a
1842,7912233374eed864064b1c8ef34a84e5
852,38633e6f6a3d2e18ad9c30acceab4636
1584,67bebb2eab9073553e968a74a282a11b
1724,720d5a964074c21042176029851cbb70
2408,9eb347f46fc4e5db574921aaa993c2a0
3684,f2955ce6ef31764866cda14cb26073dc
441,1d66aba134531ab1fb7070747181a539
2987,c5dde2ce8a899bf8f50b3ab99306c060
921,3bf32de8899bd6948b87acc161ac3752
3189,d3cb6e9167b0aa8fb43af86cdf5bb0e6
680,2d34acee961ada1062144d81e6f0d794
1181,4cc29754e71e9b16a1f350351e0f8836
1846,79745a565807a6ebf4522ee209d84dd5
1351,57fd63ea83a164cbab12de9d2dbe0dde
3047,c9a01423d38e0c8f3eed76d0350a6e81
2641,ad8660423de96f50d0f5fe836c049d2b
1154,4af3259c2b869dc76c03bb939b620e2d
526,2309c7d5385763c4a112e944a1cd4388
442,1d7e188c6f46fffe52437da4ed73e77c
2717,b2df2a3bc879fbe2f53ed6fd6337d86a
2298,97731dcc2042d36fe51030a8a27500bf
3442,e3abafb6bdebf3142800ab348f9c9114
2557,a87987ae23630212d08fa43ec02dc15c
3650,f0709c559c8519ed04a32bd45e81e56f
2875,be70b1b8f874da13b84fd309d93092ba
529,232f67469eb2fed0a849c7b53e04a539
939,3cf2be7df1bcb63fdd211f5a57a632ad
3357,df22e8fa2f052c389f3aa5fefaa534e3
2328,9946e67bad9ad81cca88df4bd8ff7f5a
649,2b472c0bcb838792e6bd2de677ed0814
2661,aeebadf3fb09522fd35cacf39ceae05a
41,03124ce5a6e2bfd8b7b020043fa6a49c
3416,e2578f9d4be3ef795068dfc169761bd4
3141,d0ac02f24c31d4af290eb672d6fae396
772,32b6033b513855b175eb3271bbcc5074
882,3a2681d153cd9cfed78cb0cc05d85a84
7,005817f174740984bbd4f4d76781e1dc
1800,76a4622fdce39791f328b8fd169d987a
46,0336f0ff196abed67f1366d666d28188
2360,9b26bde02d40a8f187c676317f1d14de
3102,cdd0509b13cda85efb49b96d69286eb2
1589,681340935a7427d53e02d420cb7857ab
3805,fc5d0d2349d99490270621f247636e9f
2564,a8ccc48e124248be0f101c6c211ab164
743,310068a19d61b311212dcc28245cf72d
1340,574d94cc9411a8fdb128a75de2282c1e
720,2f7ad3dcfff04a0a72c21bed99453faf
3333,dd6ac6b1f8ab48c67ca2315a520504b8
2425,9f34ca18e86725772cd219f0e8735743
1769,74b147bd4765cd0bf52fc54ec3eb92ba
1241,50ba958e9e16982bc8c6efab5b6bcc58
2960,c4373e8f8ad8bd55fa29de0c66a5f868
2692,b0df9bfd0c2803fd762cd751dd05b71d
1166,4bc582244a151a66045315356aa441cb
2596,aa727ce64694d91069ada17e6bd620df
2271,96025045c7c8a4edc6c0891d5e70837a
2770,b78f951727828dfd651aced299762182
624,29b50068422d8341bf3e660293ee4911
1746,737b297e142d4f7aa24075eede4b8c73
1859,7a10fe2a89ea7c2b9da9cd6ac5b69593
492,20c2c9bdc5c94cfe299392b56dfeaf69
3314,dc22f226a0c48c941892cc271486b66e
100,067e221090493a0286b27a40bf235c6e
3008,c77579e21ca367313355d9bb8be9399a
1251,51741d6019ef49faf199bb52f59e002f
163,0a3e6acce8f1bd56f8eb447332772291
2477,a270d995706757601d389216dfd5e47c
600,27eb0a92bc0a820465d43535dfe26dbe
2822,bb5568c41d392b33908d415233d0d523
707,2eddccbc94c01c6d5b18b1c8581d5338
1144,49f677767404fa68363216911cb88d99
3109,ce5fb5127c16c4a4c252cbeff8a88dc4
953,3d7fc1e5ce05e38256322a224430400a
2350,9a8f1c2f1786f97a55379267b5704f81
3626,eefaa32849f44c4398b0986bfafc2f9f
3827,fe4994b632e5f14203d00b7ec9cd3062
3643,f00cbff96bad52378729ed4a4eb37c60
1662,6d412d0234d19bc7183bb31b05ad9038
3588,ec98fb17f66ef1553973dd1ec5f896a4
1445,5e5609ce197d364653fa927d7b901314
3690,f2fd8a703566e825b44c3014a63f3f42
1200,4dc639b78b585d95525d4215287ad8a7
1188,4d560327dd60dce0b94d1c23cd4ace9b
3633,ef850cc4a5d0a40cba7daf83b592e4d1
2060,882576caab812528ab8f7163840623f2
2083,898c7f9dc824c5b6048cc8997a96db47
2935,c29b5333885fe47e7710fa2656d10932
1991,84565e4b8113dfd9f96c442ef602e150
3583,ebf4f8f40bf1bdee8a72960b3cd86d04
6,0047fddd2a51a3582eab00ec6a3a1fc1
2975,c5456205828a90eb2ada29332af59fc8
1151,4a9632ffd1b06f25af405b5e44d3989f
3201,d484be9725e41be98d0de49fa0922e26
1006,4117f5cd37c77766ed1faf36b39eb97f
1178,4c91f9dfc7c141461967714758c5a50b
1885,7bf0065f7fdfd107aa9d66362d3fcbf6
174,0afed7e5bb9658c8a4d465716badec5d
655,2b92abbbc9d9aee8df73535ba6cbae84
25,01ce14a1a630acdccc676c79e34dd65e
1401,5b7869c37cee5c8d4fe3c1a47d464003
3723,f641b1b8776d03ce939437b238140719
1182,4cefa705e6f88e3948dcedf18b188f63
1960,8187c38b1c4dfc6094d6b172770c8729
840,37b95e05ebed81c43450b0219fc1afc0
265,10b40d9b65a9d2056a344a70a18bdaa6
2866,bdf2691a9bf9cc69aa84c0837243d169
2671,afd21d0258461dad82b9df142d8dc0f0
2403,9e2b2afbb02f4e0999c96797218c49df
1207,4e956e3c200f10bc12601c2677c47cc2
271,10d597256bc552923211ca04f0bc6905
3714,f4ff3931e74ade6b118622f58cac9272
3143,d0d65040ad4d89dae2f6ae899baf7047
2236,93b3d2e3d94e5b721af7ccf54d754c66
800,3538bb58fd69272503ecbfeae380349c
3770,fa36f6e0c3076423b62763689f64da7f
